;truth_id;detection_id;stamp_sec;frame_nb;occlusion_severity;merged_or_truncated;truth_width;truth_height;det_width;det_height;truth_box;det_box
0;3;3;1628506169;9;0,11673506611947204;truncated;0,08125000000000004;0,1875;0,07500000298023224;0,07000000029802322;[0.235, 0.2775, 0.275, 0.29739583333333336];[0.2683333419263363, 0.3383333422243595, 0.28958331793546677, 0.364583320915699, 0.0, 0.0]
1;3;3;1628506169;10;0,1201501877346686;truncated;0,08125000000000004;0,1875;0,07500000298023224;0,07083333283662796;[0.23583333333333334, 0.2783333333333333, 0.27291666666666664, 0.29739583333333336];[0.269166674464941, 0.340000007301569, 0.28958331793546677, 0.364583320915699, 0.0, 0.0]
2;4;4;1628506170;12;0,3124999999999997;truncated;0,04791666666666666;0,0966666666666667;0,0416666679084301;0,050833333283662796;[0.2375, 0.2816666666666667, 0.27239583333333334, 0.29739583333333336];[0.23166665993630886, 0.28249999321997166, 0.29427082277834415, 0.33593749068677425, 0.0, 0.0]
3;3;3;1628506170;13;0,10292022792022774;truncated;0,07708333333333334;0,10999999999999999;0,07708333432674408;0,06916666775941849;[0.27, 0.38, 0.2890625, 0.36614583333333334];[0.27916666492819786, 0.34833333268761635, 0.2890625074505806, 0.3661458417773247, 0.0, 0.0]
4;49;49;1628506170;13;0,10292022792022774;truncated;0,027083333333333348;0,04500000000000001;0,01979166641831398;0,040833331644535065;[0.27, 0.38, 0.2890625, 0.36614583333333334];[0.23499999567866325, 0.2758333273231983, 0.2765625100582838, 0.2963541764765978]
5;57;57;1628506170;13;0,5227272727272728;merged;0,08020833333333333;0,15666666666666668;0,08020833134651184;0,20666666328907013;[0.27, 0.38, 0.2890625, 0.36614583333333334];[0.2733333334326744, 0.47999999672174454, 0.28593750298023224, 0.3661458343267441]
6;4;4;1628506170;13;0,5754716981132076;truncated;0,04791666666666666;0,08833333333333335;0,04062499850988388;0,050833333283662796;[0.27, 0.38, 0.2890625, 0.36614583333333334];[0.23333332501351833, 0.28416665829718113, 0.295312512665987, 0.3359375111758709, 0.0, 0.0]
7;4;4;1628506170;14;0,5699999999999997;truncated;0,041666666666666685;0,08333333333333334;0,0416666679084301;0,050833333283662796;[0.23416666666666666, 0.3175, 0.2947916666666667, 0.33645833333333336];[0.2349999900907278, 0.2858333233743906, 0.2947916779667139, 0.336458345875144, 0.0, 0.0]
8;3;3;1628506170;14;0,5699999999999997;truncated;0,07708333333333334;0,10999999999999999;0,078125;0,07083333283662796;[0.23416666666666666, 0.3175, 0.2947916666666667, 0.33645833333333336];[0.2799999974668026, 0.35083333030343056, 0.28854167461395264, 0.36666667461395264, 0.0, 0.0]
9;49;49;1628506170;14;0,16055535777856894;truncated;0,027604166666666707;0,04416666666666669;0,01979166641831398;0,040833331644535065;[0.24, 0.2841666666666667, 0.26979166666666665, 0.29739583333333336];[0.23499999567866325, 0.2758333273231983, 0.2765625100582838, 0.2963541764765978]
10;49;49;1628506170;15;0,1488095238095237;truncated;0,029166666666666674;0,04500000000000001;0,01979166641831398;0,040833331644535065;[0.18416666666666667, 0.25, 0.25677083333333334, 0.2916666666666667];[0.23499999567866325, 0.2758333273231983, 0.2765625100582838, 0.2963541764765978]
11;3;3;1628506170;15;0,10582010582010606;truncated;0,07708333333333334;0,10999999999999999;0,078125;0,07083333283662796;[0.24166666666666667, 0.2866666666666667, 0.2682291666666667, 0.29739583333333336];[0.2799999974668026, 0.35083333030343056, 0.28854167461395264, 0.36666667461395264]
12;4;4;1628506170;15;0,6416666666666665;truncated;0,041666666666666685;0,1;0,0416666679084301;0,050833333283662796;[0.23416666666666666, 0.33416666666666667, 0.2947916666666667, 0.33645833333333336];[0.2349999900907278, 0.2858333233743906, 0.2947916779667139, 0.336458345875144]
13;57;57;1628506170;15;0,5227272727272728;merged;0,08020833333333333;0,15666666666666668;0,0807291641831398;0,20749999582767487;[0.27, 0.38, 0.2890625, 0.36614583333333334];[0.28083332628011703, 0.4883333221077919, 0.28697917982935905, 0.36770834401249886, 0.0, 0.0]
14;4;4;1628506170;16;0,18644067796610175;truncated;0,04583333333333334;0,09416666666666665;0,0416666679084301;0,050833333283662796;[0.23666666666666666, 0.3308333333333333, 0.29270833333333335, 0.3385416666666667];[0.2349999900907278, 0.2858333233743906, 0.2947916779667139, 0.336458345875144]
15;3;3;1628506170;16;0,6460176991150439;truncated;0,07708333333333334;0,10999999999999999;0,078125;0,07083333283662796;[0.23666666666666666, 0.3308333333333333, 0.29270833333333335, 0.3385416666666667];[0.2799999974668026, 0.35083333030343056, 0.28854167461395264, 0.36666667461395264]
16;4;4;1628506170;17;0,5309734513274333;truncated;0,044791666666666674;0,09416666666666668;0,0416666679084301;0,050833333283662796;[0.2375, 0.33166666666666667, 0.29375, 0.3385416666666667];[0.2349999900907278, 0.2858333233743906, 0.2947916779667139, 0.336458345875144]
17;3;3;1628506170;17;0,5309734513274333;truncated;0,07864583333333336;0,11833333333333335;0,078125;0,07083333283662796;[0.2375, 0.33166666666666667, 0.29375, 0.3385416666666667];[0.2799999974668026, 0.35083333030343056, 0.28854167461395264, 0.36666667461395264]
18;4;69;1628506170;18;0,14754098360655762;truncated;0,044791666666666674;0,09416666666666668;0,0416666679084301;0,050833333283662796;[0.24666666666666667, 0.2916666666666667, 0.26666666666666666, 0.2984375];[0.2349999900907278, 0.2858333233743906, 0.2947916779667139, 0.336458345875144]
19;3;3;1628506170;18;0,42743214252401823;truncated;0,07864583333333336;0,11833333333333335;0,078125;0,07083333283662796;[0.3458333333333333, 0.625, 0.29375, 0.4296875];[0.2799999974668026, 0.35083333030343056, 0.28854167461395264, 0.36666667461395264]
20;4;70;1628506170;19;0,1111111111111115;truncated;0,044791666666666674;0,09416666666666668;0,0416666679084301;0,050833333283662796;[0.24666666666666667, 0.2916666666666667, 0.26458333333333334, 0.29739583333333336];[0.2349999900907278, 0.2858333233743906, 0.2947916779667139, 0.336458345875144]
21;3;3;1628506170;19;0,4238410596026489;truncated;0,07864583333333336;0,11833333333333335;0,078125;0,07083333283662796;[0.3466666666666667, 0.6383333333333333, 0.29322916666666665, 0.43020833333333336];[0.2799999974668026, 0.35083333030343056, 0.28854167461395264, 0.36666667461395264]
22;13;13;1628506170;20;0,2972677595628414;truncated;0,03125;0,06166666666666666;0,01406249962747097;0,054999999701976776;[0.145, 0.19583333333333333, 0.5572916666666666, 0.5885416666666666];[0.115833330899477, 0.17083333060145378, 0.5458333613350987, 0.5598958609625697, 0.0, 0.0]
23;4;70;1628506170;20;0,1111111111111115;truncated;0,044791666666666674;0,09416666666666668;0,0416666679084301;0,050833333283662796;[0.2475, 0.29333333333333333, 0.26458333333333334, 0.29739583333333336];[0.2349999900907278, 0.2858333233743906, 0.2947916779667139, 0.336458345875144]
24;3;3;1628506170;20;0,4360222836338116;truncated;0,07968750000000002;0,12416666666666665;0,078125;0,07083333283662796;[0.35, 0.6483333333333333, 0.2942708333333333, 0.43333333333333335];[0.2799999974668026, 0.35083333030343056, 0.28854167461395264, 0.36666667461395264]
25;13;13;1628506170;21;0,31048387096774127;truncated;0,03125;0,06166666666666666;0,01406249962747097;0,054999999701976776;[0.14416666666666667, 0.19583333333333333, 0.5567708333333333, 0.5880208333333333];[0.115833330899477, 0.17083333060145378, 0.5458333613350987, 0.5598958609625697]
26;3;3;1628506170;21;0,5582752116506555;truncated;0,07968750000000002;0,12416666666666665;0,078125;0,07083333283662796;[0.33416666666666667, 0.65, 0.29375, 0.43333333333333335];[0.2799999974668026, 0.35083333030343056, 0.28854167461395264, 0.36666667461395264]
27;4;70;1628506170;21;0,5044247787610617;truncated;0,044791666666666674;0,09416666666666668;0,0416666679084301;0,050833333283662796;[0.2375, 0.33166666666666667, 0.29375, 0.3385416666666667];[0.2349999900907278, 0.2858333233743906, 0.2947916779667139, 0.336458345875144]
28;13;13;1628506170;22;0,34408602150537704;truncated;0,03281250000000002;0,06083333333333335;0,01406249962747097;0,054999999701976776;[0.10916666666666666, 0.17, 0.5432291666666667, 0.5760416666666667];[0.115833330899477, 0.17083333060145378, 0.5458333613350987, 0.5598958609625697]
29;3;3;1628506170;22;0,4533929903057417;truncated;0,07968750000000002;0,12416666666666665;0,078125;0,07083333283662796;[0.3516666666666667, 0.6566666666666666, 0.2890625, 0.434375];[0.2799999974668026, 0.35083333030343056, 0.28854167461395264, 0.36666667461395264]
30;4;70;1628506170;22;0,5044247787610617;truncated;0,044791666666666674;0,09416666666666668;0,0416666679084301;0,050833333283662796;[0.2375, 0.33166666666666667, 0.29375, 0.3385416666666667];[0.2349999900907278, 0.2858333233743906, 0.2947916779667139, 0.336458345875144]
31;3;3;1628506170;23;0,2862885701868751;truncated;0,08124999999999999;0,09833333333333333;0,078125;0,07083333283662796;[0.2866666666666667, 0.385, 0.2890625, 0.3703125];[0.2799999974668026, 0.35083333030343056, 0.28854167461395264, 0.36666667461395264]
32;4;70;1628506170;23;0,47787610619469;truncated;0,044791666666666674;0,09416666666666668;0,0416666679084301;0,050833333283662796;[0.2866666666666667, 0.385, 0.2890625, 0.3703125];[0.2349999900907278, 0.2858333233743906, 0.2947916779667139, 0.336458345875144]
33;13;13;1628506170;23;0,37962962962962987;truncated;0,03281250000000002;0,06083333333333335;0,01406249962747097;0,054999999701976776;[0.14083333333333334, 0.19333333333333333, 0.5546875, 0.5859375];[0.115833330899477, 0.17083333060145378, 0.5458333613350987, 0.5598958609625697]
34;3;3;1628506170;24;0,4631138635375923;truncated;0,08124999999999999;0,09833333333333333;0,078125;0,07083333283662796;[0.2916666666666667, 0.39, 0.2890625, 0.3703125];[0.2799999974668026, 0.35083333030343056, 0.28854167461395264, 0.36666667461395264]
35;4;70;1628506170;24;0,4247787610619466;truncated;0,044791666666666674;0,09416666666666668;0,0416666679084301;0,050833333283662796;[0.2916666666666667, 0.39, 0.2890625, 0.3703125];[0.2349999900907278, 0.2858333233743906, 0.2947916779667139, 0.336458345875144]
36;3;3;1628506170;25;0,47933884297520674;truncated;0,08229166666666665;0,10083333333333333;0,078125;0,07083333283662796;[0.29333333333333333, 0.39416666666666667, 0.2890625, 0.37135416666666665];[0.2799999974668026, 0.35083333030343056, 0.28854167461395264, 0.36666667461395264]
37;34;34;1628506170;25;0,47933884297520674;truncated;0,15260416666666665;0,32999999999999996;0,12343750149011612;0,2524999976158142;[0.29333333333333333, 0.39416666666666667, 0.2890625, 0.37135416666666665];[0.3100000023841858, 0.5625, 0.29114584252238274, 0.41458334401249886]
38;4;70;1628506170;25;0,40707964601769897;truncated;0,044791666666666674;0,09416666666666668;0,0416666679084301;0,050833333283662796;[0.29333333333333333, 0.39416666666666667, 0.2890625, 0.37135416666666665];[0.2349999900907278, 0.2858333233743906, 0.2947916779667139, 0.336458345875144]
39;3;3;1628506170;26;0,4705882352941175;truncated;0,08281250000000001;0,09916666666666663;0,078125;0,07083333283662796;[0.2966666666666667, 0.3958333333333333, 0.28854166666666664, 0.37135416666666665];[0.2799999974668026, 0.35083333030343056, 0.28854167461395264, 0.36666667461395264]
40;4;70;1628506170;26;0,3716814159292032;truncated;0,044791666666666674;0,09416666666666668;0,0416666679084301;0,050833333283662796;[0.2966666666666667, 0.3958333333333333, 0.28854166666666664, 0.37135416666666665];[0.2349999900907278, 0.2858333233743906, 0.2947916779667139, 0.336458345875144]
41;3;3;1628506170;27;0,2928270887597676;truncated;0,08385416666666662;0,10333333333333333;0,078125;0,07083333283662796;[0.2975, 0.4008333333333333, 0.28958333333333336, 0.3734375];[0.2799999974668026, 0.35083333030343056, 0.28854167461395264, 0.36666667461395264]
42;4;70;1628506170;27;0,3628318584070797;truncated;0,044791666666666674;0,09416666666666668;0,0416666679084301;0,050833333283662796;[0.2975, 0.4008333333333333, 0.28958333333333336, 0.3734375];[0.2349999900907278, 0.2858333233743906, 0.2947916779667139, 0.336458345875144]
43;4;70;1628506170;28;0,21739130434782605;truncated;0,044791666666666674;0,09416666666666668;0,0416666679084301;0,050833333283662796;[0.2075, 0.24583333333333332, 0.296875, 0.32395833333333335];[0.2349999900907278, 0.2858333233743906, 0.2947916779667139, 0.336458345875144]
44;4;70;1628506171;36;0,15555555555555556;truncated;0,055208333333333304;0,0941666666666667;0,05000000074505806;0,06416666507720947;[0.21416666666666667, 0.25166666666666665, 0.2994791666666667, 0.325];[0.2566666603088379, 0.32083332538604736, 0.29531249962747097, 0.34531250037252903, 0.0, 0.0]
45;4;70;1628506171;37;0,15555555555555553;truncated;0,055208333333333304;0,0941666666666667;0,05104166641831398;0,06416666507720947;[0.21416666666666667, 0.25166666666666665, 0.2989583333333333, 0.3255208333333333];[0.2574999928474426, 0.3216666579246521, 0.2958333473652601, 0.3468750137835741, 0.0, 0.0]
46;3;3;1628506171;37;0,5000000000000002;truncated;0,09375;0,14166666666666666;0,08489583432674408;0,10833333432674408;[0.31083333333333335, 0.4525, 0.28541666666666665, 0.37916666666666665];[0.2983333244919777, 0.40666665881872177, 0.2890625074505806, 0.3739583417773247]
47;4;70;1628506171;38;0,1235294117647056;truncated;0,055208333333333304;0,09416666666666668;0,05000000074505806;0,06499999761581421;[0.22583333333333333, 0.27166666666666667, 0.3375, 0.3729166666666667];[0.25833332538604736, 0.3233333230018616, 0.29583332501351833, 0.3458333257585764, 0.0, 0.0]
48;4;70;1628506171;39;0,13333333333333328;truncated;0,055208333333333304;0,09416666666666668;0,0520833320915699;0,06499999761581421;[0.22666666666666666, 0.2725, 0.33697916666666666, 0.3729166666666667];[0.2608333230018616, 0.3258333206176758, 0.2958333399146795, 0.34791667200624943, 0.0, 0.0]
49;3;3;1628506171;40;0,37650063856960414;truncated;0,09375;0,14500000000000002;0,08489583432674408;0,10833333432674408;[0.31916666666666665, 0.46416666666666667, 0.2869791666666667, 0.3807291666666667];[0.2983333244919777, 0.40666665881872177, 0.2890625074505806, 0.3739583417773247]
50;4;70;1628506171;40;0,3097345132743363;truncated;0,055208333333333304;0,09416666666666668;0,05312500149011612;0,06499999761581421;[0.31916666666666665, 0.46416666666666667, 0.2869791666666667, 0.3807291666666667];[0.26249998807907104, 0.32749998569488525, 0.2953125052154064, 0.34843750670552254, 0.0, 0.0]
51;3;3;1628506171;41;0,33349483204134345;truncated;0,09375;0,1433333333333333;0,08489583432674408;0,10833333432674408;[0.3175, 0.4608333333333333, 0.2869791666666667, 0.3807291666666667];[0.2983333244919777, 0.40666665881872177, 0.2890625074505806, 0.3739583417773247]
52;4;70;1628506171;41;0,4159292035398231;truncated;0,055208333333333304;0,09416666666666668;0,05364583432674408;0,06499999761581421;[0.3175, 0.4608333333333333, 0.2869791666666667, 0.3807291666666667];[0.2633333206176758, 0.32833331823349, 0.2953125014901161, 0.3489583358168602, 0.0, 0.0]
53;3;3;1628506171;42;0,3578210894552725;truncated;0,09583333333333333;0,14500000000000002;0,08489583432674408;0,10833333432674408;[0.32166666666666666, 0.4666666666666667, 0.2859375, 0.38177083333333334];[0.2983333244919777, 0.40666665881872177, 0.2890625074505806, 0.3739583417773247]
54;4;70;1628506171;42;0,37168141592920384;truncated;0,055208333333333304;0,09416666666666668;0,05364583432674408;0,06499999761581421;[0.32166666666666666, 0.4666666666666667, 0.2859375, 0.38177083333333334];[0.2633333206176758, 0.32833331823349, 0.2953125014901161, 0.3489583358168602]
55;3;3;1628506171;43;0,3502824858757061;truncated;0,09427083333333336;0,14749999999999996;0,08489583432674408;0,10833333432674408;[0.3225, 0.47, 0.28854166666666664, 0.3828125];[0.2983333244919777, 0.40666665881872177, 0.2890625074505806, 0.3739583417773247]
56;4;70;1628506171;43;0,3628318584070797;truncated;0,055208333333333304;0,09416666666666668;0,05364583432674408;0,06499999761581421;[0.3225, 0.47, 0.28854166666666664, 0.3828125];[0.2633333206176758, 0.32833331823349, 0.2953125014901161, 0.3489583358168602]
57;3;3;1628506171;44;0,35718529079783756;truncated;0,09687499999999999;0,15083333333333332;0,08489583432674408;0,10833333432674408;[0.325, 0.47583333333333333, 0.2869791666666667, 0.38385416666666666];[0.2983333244919777, 0.40666665881872177, 0.2890625074505806, 0.3739583417773247]
58;4;70;1628506171;44;0,3902439024390243;truncated;0,055208333333333304;0,10249999999999998;0,05364583432674408;0,06499999761581421;[0.325, 0.47583333333333333, 0.2869791666666667, 0.38385416666666666];[0.2633333206176758, 0.32833331823349, 0.2953125014901161, 0.3489583358168602]
59;4;70;1628506171;45;0,1746031746031742;truncated;0,055208333333333304;0,10249999999999998;0,05364583432674408;0,06499999761581421;[0.23416666666666666, 0.2808333333333333, 0.33229166666666665, 0.3697916666666667];[0.2633333206176758, 0.32833331823349, 0.2953125014901161, 0.3489583358168602]
60;4;70;1628506171;46;0,24737516005121668;truncated;0,060416666666666674;0,10249999999999998;0,05364583432674408;0,06499999761581421;[0.23583333333333334, 0.2816666666666667, 0.33229166666666665, 0.3692708333333333];[0.2633333206176758, 0.32833331823349, 0.2953125014901161, 0.3489583358168602]
61;4;70;1628506171;47;0,2829476861166999;truncated;0,060416666666666674;0,10249999999999998;0,05364583432674408;0,06499999761581421;[0.23666666666666666, 0.2833333333333333, 0.3307291666666667, 0.36770833333333336];[0.2633333206176758, 0.32833331823349, 0.2953125014901161, 0.3489583358168602]
62;4;70;1628506171;48;0,296626984126984;truncated;0,060416666666666674;0,10249999999999998;0,05364583432674408;0,06499999761581421;[0.2375, 0.2841666666666667, 0.3302083333333333, 0.36770833333333336];[0.2633333206176758, 0.32833331823349, 0.2953125014901161, 0.3489583358168602]
63;4;70;1628506171;49;0,34395848776871774;truncated;0,060416666666666674;0,10249999999999998;0,05364583432674408;0,06499999761581421;[0.23916666666666667, 0.2866666666666667, 0.32916666666666666, 0.36614583333333334];[0.2633333206176758, 0.32833331823349, 0.2953125014901161, 0.3489583358168602]
64;4;70;1628506171;50;0,24032684450853176;truncated;0,060416666666666674;0,10250000000000004;0,05364583432674408;0,06499999761581421;[0.24, 0.2875, 0.328125, 0.36614583333333334];[0.2633333206176758, 0.32833331823349, 0.2953125014901161, 0.3489583358168602]
65;4;70;1628506171;51;0,4146341463414636;truncated;0,060416666666666674;0,10250000000000004;0,05364583432674408;0,06499999761581421;[0.3308333333333333, 0.49583333333333335, 0.2859375, 0.3885416666666667];[0.2633333206176758, 0.32833331823349, 0.2953125014901161, 0.3489583358168602]
66;4;70;1628506171;52;0,3333333333333333;truncated;0,060416666666666674;0,10250000000000004;0,05364583432674408;0,06499999761581421;[0.33916666666666667, 0.49833333333333335, 0.2859375, 0.3890625];[0.2633333206176758, 0.32833331823349, 0.2953125014901161, 0.3489583358168602]
67;4;70;1628506171;53;0,33783783783783844;truncated;0,060416666666666674;0,10250000000000004;0,05364583432674408;0,06499999761581421;[0.24416666666666667, 0.2916666666666667, 0.32447916666666665, 0.36302083333333335];[0.2633333206176758, 0.32833331823349, 0.2953125014901161, 0.3489583358168602]
68;4;70;1628506171;54;0,35274853801169603;truncated;0,060416666666666674;0,10250000000000004;0,05364583432674408;0,06499999761581421;[0.245, 0.2925, 0.32395833333333335, 0.36302083333333335];[0.2633333206176758, 0.32833331823349, 0.2953125014901161, 0.3489583358168602]
69;4;70;1628506171;55;0,2812208760484619;truncated;0,06562499999999999;0,11083333333333334;0,05364583432674408;0,06499999761581421;[0.245, 0.29333333333333333, 0.3223958333333333, 0.3609375];[0.2633333206176758, 0.32833331823349, 0.2953125014901161, 0.3489583358168602]
70;4;70;1628506171;56;0,32994350282485874;truncated;0,06562499999999999;0,11083333333333334;0,05364583432674408;0,06499999761581421;[0.24666666666666667, 0.29583333333333334, 0.32135416666666666, 0.36041666666666666];[0.2633333206176758, 0.32833331823349, 0.2953125014901161, 0.3489583358168602]
71;4;70;1628506171;57;0,3666666666666663;truncated;0,06562499999999999;0,11083333333333334;0,05364583432674408;0,06499999761581421;[0.2475, 0.2975, 0.3203125, 0.359375];[0.2633333206176758, 0.32833331823349, 0.2953125014901161, 0.3489583358168602]
72;4;70;1628506171;58;0,40677966101694935;truncated;0,06562499999999999;0,11083333333333334;0,05364583432674408;0,06499999761581421;[0.25, 0.2991666666666667, 0.31927083333333334, 0.359375];[0.2633333206176758, 0.32833331823349, 0.2953125014901161, 0.3489583358168602]
73;4;70;1628506171;59;0,44067796610169474;truncated;0,06562499999999999;0,11083333333333334;0,05364583432674408;0,06499999761581421;[0.25166666666666665, 0.30083333333333334, 0.3177083333333333, 0.3578125];[0.2633333206176758, 0.32833331823349, 0.2953125014901161, 0.3489583358168602]
74;4;70;1628506171;60;0,45762711864406797;truncated;0,06562499999999999;0,11083333333333334;0,05364583432674408;0,06499999761581421;[0.2525, 0.3016666666666667, 0.3177083333333333, 0.3578125];[0.2633333206176758, 0.32833331823349, 0.2953125014901161, 0.3489583358168602]
75;57;185;1628506172;64;0,2342549923195082;truncated;0,109375;0,15500000000000003;0,109375;0,09666666388511658;[0.49583333333333335, 0.6508333333333334, 0.321875, 0.43125];[0.5041666775941849, 0.6008333414793015, 0.3218750059604645, 0.4312500059604645, 0.0, 0.0]
76;57;185;1628506172;65;0,20520084761378268;truncated;0,11249999999999999;0,16749999999999998;0,109375;0,09666666388511658;[0.5016666666666667, 0.6691666666666667, 0.3223958333333333, 0.4348958333333333];[0.5041666775941849, 0.6008333414793015, 0.3218750059604645, 0.4312500059604645]
77;57;185;1628506172;66;0,2017625231910946;truncated;0,11458333333333337;0,16333333333333333;0,109375;0,09666666388511658;[0.5066666666666667, 0.67, 0.3234375, 0.43802083333333336];[0.5041666775941849, 0.6008333414793015, 0.3218750059604645, 0.4312500059604645]
78;57;185;1628506172;67;0,2136131725417438;truncated;0,11458333333333337;0,16333333333333333;0,109375;0,09666666388511658;[0.37333333333333335, 0.5575, 0.2859375, 0.40208333333333335];[0.5041666775941849, 0.6008333414793015, 0.3218750059604645, 0.4312500059604645]
79;57;185;1628506172;68;0,29145728643216096;truncated;0,1166666666666667;0,16583333333333328;0,109375;0,09666666388511658;[0.5166666666666667, 0.6825, 0.3255208333333333, 0.4421875];[0.5041666775941849, 0.6008333414793015, 0.3218750059604645, 0.4312500059604645]
80;57;185;1628506172;69;0,336683417085427;truncated;0,1166666666666667;0,16583333333333328;0,109375;0,09666666388511658;[0.6266666666666667, 1.0, 0.2708333333333333, 0.5484375];[0.5041666775941849, 0.6008333414793015, 0.3218750059604645, 0.4312500059604645]
81;57;185;1628506172;77;0,15289256198347076;truncated;0,15781250000000002;0,20166666666666666;0,140625;0,1550000011920929;[0.7516666666666667, 0.9983333333333333, 0.2765625, 0.5828125];[0.5458333343267441, 0.700833335518837, 0.32604166865348816, 0.46666666865348816]
82;57;185;1628506172;78;0,13513513513513517;truncated;0,159375;0,21583333333333332;0,140625;0,1550000011920929;[0.7741666666666667, 0.9966666666666667, 0.28177083333333336, 0.5770833333333333];[0.5458333343267441, 0.700833335518837, 0.32604166865348816, 0.46666666865348816]
83;57;185;1628506172;79;0,12222222222222252;truncated;0,16249999999999998;0,2250000000000001;0,140625;0,1550000011920929;[0.7916666666666666, 0.9975, 0.28072916666666664, 0.5854166666666667];[0.5458333343267441, 0.700833335518837, 0.32604166865348816, 0.46666666865348816]
84;4;208;1628506172;79;0,2975845410628013;truncated;0,07604166666666667;0,11916666666666664;0,06666667014360428;0,09000000357627869;[0.2808333333333333, 0.3383333333333333, 0.29270833333333335, 0.33958333333333335];[0.29749999940395355, 0.38750000298023224, 0.2942708395421505, 0.3609375096857548]
85;4;208;1628506172;80;0,3356481481481477;truncated;0,07604166666666667;0,11916666666666664;0,06666667014360428;0,09000000357627869;[0.2816666666666667, 0.3416666666666667, 0.2921875, 0.3390625];[0.29749999940395355, 0.38750000298023224, 0.2942708395421505, 0.3609375096857548]
86;4;208;1628506172;81;0,33685064935064885;truncated;0,07604166666666667;0,11916666666666664;0,06666667014360428;0,09000000357627869;[0.2833333333333333, 0.3416666666666667, 0.2911458333333333, 0.33697916666666666];[0.29749999940395355, 0.38750000298023224, 0.2942708395421505, 0.3609375096857548]
87;4;208;1628506172;82;0,26217228464419495;truncated;0,07656249999999998;0,11499999999999999;0,06666667014360428;0,09000000357627869;[0.32666666666666666, 0.44166666666666665, 0.29375, 0.3703125];[0.29749999940395355, 0.38750000298023224, 0.2942708395421505, 0.3609375096857548]
88;4;208;1628506172;83;0,2676056338028168;truncated;0,07552083333333337;0,11666666666666664;0,06666667014360428;0,09000000357627869;[0.3275, 0.44416666666666665, 0.2942708333333333, 0.3697916666666667];[0.29749999940395355, 0.38750000298023224, 0.2942708395421505, 0.3609375096857548]
89;4;208;1628506172;84;0,25000000000000017;truncated;0,07916666666666666;0,1175;0,06666667014360428;0,09000000357627869;[0.32916666666666666, 0.44666666666666666, 0.2942708333333333, 0.3734375];[0.29749999940395355, 0.38750000298023224, 0.2942708395421505, 0.3609375096857548]
90;4;208;1628506172;85;0,23849123849123846;truncated;0,07916666666666666;0,11916666666666664;0,06666667014360428;0,09000000357627869;[0.33166666666666667, 0.4508333333333333, 0.2942708333333333, 0.3734375];[0.29749999940395355, 0.38750000298023224, 0.2942708395421505, 0.3609375096857548]
91;89;89;1628506173;97;0,15400733368255662;truncated;0,03593750000000001;0,06916666666666668;0,03072916716337204;0,042500000447034836;[0.12583333333333332, 0.21333333333333335, 0.22447916666666667, 0.259375];[0.20416666008532047, 0.2466666605323553, 0.23854166641831398, 0.269270833581686]
92;89;89;1628506173;98;0,1503404924044004;truncated;0,03593750000000001;0,06916666666666665;0,03072916716337204;0,042500000447034836;[0.19666666666666666, 0.2658333333333333, 0.2375, 0.2734375];[0.20416666008532047, 0.2466666605323553, 0.23854166641831398, 0.269270833581686]
93;70;208;1628506173;105;0,15841584158415872;truncated;0,09270833333333334;0,1683333333333334;0,0807291641831398;0,12166666984558105;[0.37666666666666665, 0.545, 0.29322916666666665, 0.3859375];[0.34416666626930237, 0.4658333361148834, 0.29479167982935905, 0.37552084401249886]
94;70;208;1628506173;106;0,11707317073170746;truncated;0,09375;0,17083333333333328;0,0807291641831398;0,12166666984558105;[0.38083333333333336, 0.5516666666666666, 0.29270833333333335, 0.38645833333333335];[0.34416666626930237, 0.4658333361148834, 0.29479167982935905, 0.37552084401249886]
95;70;208;1628506173;108;0,2341463414634143;truncated;0,09531250000000002;0,17083333333333328;0,0807291641831398;0,12166666984558105;[0.385, 0.5558333333333333, 0.2921875, 0.3875];[0.34416666626930237, 0.4658333361148834, 0.29479167982935905, 0.37552084401249886]
96;70;208;1628506173;109;0,22274881516587688;truncated;0,09583333333333333;0,17583333333333334;0,0807291641831398;0,12166666984558105;[0.3875, 0.5633333333333334, 0.2921875, 0.3880208333333333];[0.34416666626930237, 0.4658333361148834, 0.29479167982935905, 0.37552084401249886]
97;315;315;1628506174;111;0,16176470588235314;truncated;0,024479166666666663;0,05249999999999999;0,02447916753590107;0,027499999850988388;[0.08833333333333333, 0.13083333333333333, 0.23385416666666667, 0.25677083333333334];[0.10416666604578495, 0.13166666589677334, 0.2151041692122817, 0.23958333674818277, 0.0, 0.0]
98;3;3;1628506174;111;0,11981566820276529;truncated;0,184375;0,3058333333333334;0,15520833432674408;0,25083333253860474;[0.3925, 0.5733333333333334, 0.29270833333333335, 0.39010416666666664];[0.47999998927116394, 0.7308333218097687, 0.28437498956918716, 0.43958332389593124]
99;315;315;1628506174;112;0,4512820512820506;truncated;0,025000000000000022;0,054166666666666655;0,02447916753590107;0,027499999850988388;[0.10166666666666667, 0.15583333333333332, 0.21458333333333332, 0.23958333333333334];[0.10416666604578495, 0.13166666589677334, 0.2151041692122817, 0.23958333674818277]
100;3;3;1628506174;112;0,2017543859649123;truncated;0,1869791666666667;0,3175;0,15520833432674408;0,25083333253860474;[0.3975, 0.5875, 0.2921875, 0.390625];[0.47999998927116394, 0.7308333218097687, 0.28437498956918716, 0.43958332389593124]
101;315;315;1628506174;113;0,5136111111111108;truncated;0,025000000000000022;0,062499999999999986;0,02447916753590107;0,027499999850988388;[0.12833333333333333, 0.22166666666666668, 0.2171875, 0.2546875];[0.10416666604578495, 0.13166666589677334, 0.2151041692122817, 0.23958333674818277]
102;3;3;1628506174;113;0,19555555555555593;truncated;0,19010416666666669;0,32666666666666666;0,15520833432674408;0,25083333253860474;[0.4, 0.5875, 0.2916666666666667, 0.39114583333333336];[0.47999998927116394, 0.7308333218097687, 0.28437498956918716, 0.43958332389593124]
103;3;3;1628506174;114;0,15859030837004423;truncated;0,19374999999999998;0,32833333333333337;0,15520833432674408;0,25083333253860474;[0.4025, 0.5916666666666667, 0.2916666666666667, 0.39114583333333336];[0.47999998927116394, 0.7308333218097687, 0.28437498956918716, 0.43958332389593124]
104;315;315;1628506174;115;0,505087881591119;truncated;0,02447916666666669;0,07666666666666666;0,02447916753590107;0,027499999850988388;[0.095, 0.17166666666666666, 0.2140625, 0.23854166666666668];[0.10333333350718021, 0.1308333333581686, 0.21458332892507315, 0.23906249646097422, 0.0, 0.0]
105;3;3;1628506174;115;0,1629955947136561;truncated;0,19479166666666664;0,3341666666666666;0,15520833432674408;0,25083333253860474;[0.405, 0.5941666666666666, 0.2911458333333333, 0.3921875];[0.47999998927116394, 0.7308333218097687, 0.28437498956918716, 0.43958332389593124]
106;315;315;1628506174;116;0,4914285714285712;truncated;0,025520833333333354;0,062499999999999986;0,02447916753590107;0,027499999850988388;[0.10166666666666667, 0.16416666666666666, 0.21354166666666666, 0.2390625];[0.10333333350718021, 0.1308333333581686, 0.21458332892507315, 0.23906249646097422]
107;315;315;1628506174;117;0,4914285714285712;truncated;0,025520833333333354;0,062499999999999986;0,02447916753590107;0,027499999850988388;[0.10166666666666667, 0.16416666666666666, 0.21354166666666666, 0.2390625];[0.10333333350718021, 0.1308333333581686, 0.21458332892507315, 0.23906249646097422]
108;315;315;1628506174;118;0,5432458697764818;truncated;0,025520833333333354;0,06999999999999999;0,02447916753590107;0,027499999850988388;[0.10166666666666667, 0.17166666666666666, 0.21354166666666666, 0.2390625];[0.10333333350718021, 0.1308333333581686, 0.21458332892507315, 0.23906249646097422]
109;315;315;1628506174;119;0,5457939273270279;truncated;0,025520833333333354;0,06833333333333333;0,02552083320915699;0,027499999850988388;[0.10333333333333333, 0.17166666666666666, 0.21354166666666666, 0.2390625];[0.10416666604578495, 0.13166666589677334, 0.21354167070239782, 0.2390625039115548, 0.0, 0.0]
110;315;315;1628506174;120;0,5204081632653057;truncated;0,025520833333333354;0,06999999999999999;0,02552083320915699;0,027499999850988388;[0.10166666666666667, 0.17166666666666666, 0.21354166666666666, 0.2390625];[0.10416666604578495, 0.13166666589677334, 0.21354167070239782, 0.2390625039115548]
111;315;315;1628506174;121;0,5853541416566621;truncated;0,025520833333333354;0,07083333333333333;0,02552083320915699;0,027499999850988388;[0.10333333333333333, 0.17416666666666666, 0.21354166666666666, 0.2390625];[0.10416666604578495, 0.13166666589677334, 0.21354167070239782, 0.2390625039115548]
112;315;315;1628506174;123;0,5811011904761904;truncated;0,024999999999999994;0,06999999999999999;0,02500000037252903;0,028333334252238274;[0.105, 0.175, 0.21302083333333333, 0.23802083333333332];[0.10583333019167185, 0.13416666444391012, 0.21354165952652693, 0.23854165989905596, 0.0, 0.0]
113;315;315;1628506174;124;0,6250000000000007;truncated;0,024999999999999994;0,06999999999999999;0,02500000037252903;0,028333334252238274;[0.11666666666666667, 0.18583333333333332, 0.19947916666666668, 0.23177083333333334];[0.10583333019167185, 0.13416666444391012, 0.21354165952652693, 0.23854165989905596]
114;315;315;1628506174;126;0,6241776315789472;truncated;0,024999999999999994;0,06333333333333334;0,02500000037252903;0,029999999329447746;[0.11333333333333333, 0.17666666666666667, 0.21302083333333333, 0.23802083333333332];[0.10583333019167185, 0.1358333295211196, 0.21354165952652693, 0.23854165989905596, 0.0, 0.0]
115;315;315;1628506174;129;0,5036337209302325;truncated;0,024999999999999994;0,07166666666666667;0,02500000037252903;0,029999999329447746;[0.09666666666666666, 0.16833333333333333, 0.21302083333333333, 0.23802083333333332];[0.10583333019167185, 0.1358333295211196, 0.21354165952652693, 0.23854165989905596, 0.0, 0.0]
116;315;315;1628506174;130;0,42853682170542656;truncated;0,024999999999999994;0,07166666666666667;0,02552083320915699;0,029999999329447746;[0.1175, 0.185, 0.19947916666666668, 0.228125];[0.10583333019167185, 0.1358333295211196, 0.21302083041518927, 0.23854166362434626, 0.0, 0.0]
117;315;315;1628506174;131;0,45348837209302323;truncated;0,024999999999999994;0,07166666666666667;0,02552083320915699;0,030833333730697632;[0.13583333333333333, 0.23, 0.21041666666666667, 0.2520833333333333];[0.10583333671092987, 0.1366666704416275, 0.21197916474193335, 0.23749999795109034, 0.0, 0.0]
118;315;315;1628506174;132;0,39898255813953515;truncated;0,024999999999999994;0,07166666666666667;0,02552083320915699;0,030833333730697632;[0.1175, 0.18583333333333332, 0.1984375, 0.22708333333333333];[0.10583333671092987, 0.1366666704416275, 0.2125000050291419, 0.2380208382382989, 0.0, 0.0]
119;315;315;1628506174;133;0,4355620155038761;truncated;0,024999999999999994;0,07166666666666667;0,02604166604578495;0,03166666626930237;[0.11666666666666667, 0.18583333333333332, 0.19739583333333333, 0.228125];[0.10583333671092987, 0.13750000298023224, 0.21145833563059568, 0.23750000167638063, 0.0, 0.0]
120;29;29;1628506174;134;0,3191489361702125;truncated;0,027604166666666652;0,06333333333333332;0,02812499925494194;0,04333333298563957;[0.17333333333333334, 0.20833333333333334, 0.5385416666666667, 0.5630208333333333];[0.1283333394676447, 0.17166667245328426, 0.5479166749864817, 0.5760416742414236]
121;315;315;1628506174;134;0,4120639534883723;truncated;0,024999999999999994;0,07166666666666667;0,02604166604578495;0,03166666626930237;[0.11583333333333333, 0.18583333333333332, 0.19791666666666666, 0.22708333333333333];[0.10583333671092987, 0.13750000298023224, 0.21145833563059568, 0.23750000167638063]
122;315;315;1628506174;135;0,39898255813953515;truncated;0,024999999999999994;0,07166666666666667;0,02656250074505806;0,03166666626930237;[0.1175, 0.18666666666666668, 0.19791666666666666, 0.22708333333333333];[0.10583333671092987, 0.13750000298023224, 0.21093750558793545, 0.2375000063329935, 0.0, 0.0]
123;29;29;1628506174;135;0,3191489361702125;truncated;0,027604166666666652;0,06333333333333332;0,02812499925494194;0,04333333298563957;[0.17333333333333334, 0.20833333333333334, 0.5385416666666667, 0.5630208333333333];[0.1283333394676447, 0.17166667245328426, 0.5479166749864817, 0.5760416742414236]
124;315;315;1628506175;136;0,4205426356589149;truncated;0,024999999999999994;0,07166666666666667;0,02656250074505806;0,03166666626930237;[0.11666666666666667, 0.18666666666666668, 0.19739583333333333, 0.22760416666666666];[0.10583333671092987, 0.13750000298023224, 0.21093750558793545, 0.2375000063329935]
125;315;315;1628506175;142;0,5815722738799664;truncated;0,02708333333333332;0,07583333333333332;0,02708333358168602;0,03333333507180214;[0.115, 0.19083333333333333, 0.20989583333333334, 0.23697916666666666];[0.1074999999254942, 0.14083333499729633, 0.2104166615754366, 0.2374999951571226, 0.0, 0.0]
126;315;315;1628506175;151;0,6348837209302328;truncated;0,03125;0,08166666666666667;0,02604166604578495;0,032499998807907104;[0.10833333333333334, 0.19, 0.20416666666666666, 0.23541666666666666];[0.10833333432674408, 0.14083333313465118, 0.20937500428408384, 0.2354166703298688, 0.0, 0.0]
127;315;315;1628506175;152;0,6779661016949156;truncated;0,03125;0,08166666666666667;0,02656250074505806;0,032499998807907104;[0.12083333333333333, 0.19, 0.19427083333333334, 0.225];[0.10833333432674408, 0.14083333313465118, 0.2088541593402624, 0.23541666008532047, 0.0, 0.0]
128;315;315;1628506175;153;0,6099491237987568;truncated;0,03125;0,08166666666666667;0,02760416641831398;0,032499998807907104;[0.12083333333333333, 0.19333333333333333, 0.19270833333333334, 0.22447916666666667];[0.10916666686534882, 0.14166666567325592, 0.20833332650363445, 0.23593749292194843, 0.0, 0.0]
129;11;406;1628506175;160;0,6674603174603175;truncated;0,03125;0,07;0,03125;0,036666665226221085;[0.14416666666666667, 0.25, 0.19322916666666667, 0.24166666666666667];[0.12333333306014538, 0.15999999828636646, 0.19218750298023224, 0.22343750298023224, 0.0, 0.0]
130;11;406;1628506176;161;0,7261904761904763;truncated;0,03125;0,07;0,03125;0,036666665226221085;[0.14166666666666666, 0.25, 0.1921875, 0.240625];[0.12333333306014538, 0.15999999828636646, 0.19218750298023224, 0.22343750298023224]
131;422;422;1628506176;163;0,708333333333333;truncated;0,08177083333333329;0,12;0,08177082985639572;0,036666665226221085;[0.6141666666666666, 0.7341666666666666, 0.3296875, 0.4114583333333333];[0.6233333181589842, 0.6599999833852053, 0.3296875096857548, 0.4114583395421505, 0.0, 0.0]
132;11;406;1628506176;163;0,7261904761904763;truncated;0,03125;0,07;0,03072916716337204;0,038333334028720856;[0.14166666666666666, 0.25083333333333335, 0.19114583333333332, 0.23958333333333334];[0.12166666612029076, 0.1600000001490116, 0.19166666641831398, 0.22239583358168602, 0.0, 0.0]
133;422;422;1628506176;164;0,618055555555555;truncated;0,08177083333333329;0,12;0,08177082985639572;0,036666665226221085;[0.66, 0.9983333333333333, 0.28541666666666665, 0.4666666666666667];[0.6233333181589842, 0.6599999833852053, 0.3296875096857548, 0.4114583395421505]
134;11;406;1628506176;164;0,7261904761904763;truncated;0,03125;0,07;0,03125;0,038333334028720856;[0.14166666666666666, 0.25083333333333335, 0.19114583333333332, 0.24010416666666667];[0.12166666612029076, 0.1600000001490116, 0.19114583730697632, 0.22239583730697632, 0.0, 0.0]
135;422;422;1628506176;165;0,5734265734265728;truncated;0,10052083333333334;0,11916666666666664;0,10052083432674408;0,05249999836087227;[0.6191666666666666, 0.7383333333333333, 0.3302083333333333, 0.43072916666666666];[0.6366666611284018, 0.689166659489274, 0.33020833879709244, 0.4307291731238365, 0.0, 0.0]
136;11;406;1628506176;165;0,7261904761904763;truncated;0,03125;0,07;0,03125;0,03750000149011612;[0.14166666666666666, 0.25083333333333335, 0.18958333333333333, 0.23958333333333334];[0.12249999865889549, 0.1600000001490116, 0.19062499701976776, 0.22187499701976776, 0.0, 0.0]
137;422;422;1628506176;166;0,6357142857142859;truncated;0,10260416666666666;0,1166666666666667;0,10260416567325592;0,05000000074505806;[0.6383333333333333, 0.755, 0.32916666666666666, 0.4317708333333333];[0.646666681393981, 0.696666682139039, 0.3296874985098839, 0.4322916641831398, 0.0, 0.0]
138;11;406;1628506176;166;0,7023809523809523;truncated;0,03125;0,07;0,03125;0,03750000149011612;[0.14333333333333334, 0.2525, 0.19010416666666666, 0.2390625];[0.12249999865889549, 0.1600000001490116, 0.19062499701976776, 0.22187499701976776]
139;422;422;1628506176;167;0,5928571428571431;truncated;0,09635416666666669;0,1166666666666667;0,10260416567325592;0,05000000074505806;[0.6441666666666667, 0.7608333333333334, 0.32916666666666666, 0.42552083333333335];[0.646666681393981, 0.696666682139039, 0.3296874985098839, 0.4322916641831398]
140;422;422;1628506176;168;0,5743243243243247;truncated;0,10781249999999998;0,1233333333333334;0,10260416567325592;0,05000000074505806;[0.705, 0.9983333333333333, 0.2828125, 0.4791666666666667];[0.646666681393981, 0.696666682139039, 0.3296874985098839, 0.4322916641831398]
141;422;422;1628506176;169;0,5874999999999998;truncated;0,11770833333333336;0,13333333333333341;0,11770833283662796;0,05833333358168602;[0.6616666666666666, 0.795, 0.31979166666666664, 0.4375];[0.670833321288228, 0.729166654869914, 0.3203124962747097, 0.43802082911133766, 0.0, 0.0]
142;422;422;1628506176;170;0,5592105263157896;truncated;0,12083333333333335;0,1266666666666666;0,11770833283662796;0,05833333358168602;[0.6658333333333334, 0.7925, 0.3182291666666667, 0.4390625];[0.670833321288228, 0.729166654869914, 0.3203124962747097, 0.43802082911133766]
143;422;422;1628506176;171;0,5750000000000001;truncated;0,1244791666666667;0,1333333333333333;0,11770833283662796;0,05833333358168602;[0.675, 0.8083333333333333, 0.31666666666666665, 0.44114583333333335];[0.670833321288228, 0.729166654869914, 0.3203124962747097, 0.43802082911133766]
144;422;422;1628506176;173;0,49112426035502976;truncated;0,12708333333333333;0,14083333333333337;0,12708333134651184;0,0741666629910469;[0.7641666666666667, 0.9991666666666666, 0.284375, 0.4953125];[0.7016666494309902, 0.7758333124220371, 0.3177083283662796, 0.44479165971279144, 0.0, 0.0]
145;422;422;1628506176;174;0,43333333333333357;truncated;0,13124999999999998;0,125;0,12708333134651184;0,0741666629910469;[0.7083333333333334, 0.8333333333333334, 0.3171875, 0.4484375];[0.7016666494309902, 0.7758333124220371, 0.3177083283662796, 0.44479165971279144]
146;422;422;1628506176;175;0,36781609195402304;truncated;0,13020833333333331;0,14500000000000002;0,12708333134651184;0,0741666629910469;[0.7941666666666667, 0.9983333333333333, 0.3, 0.4765625];[0.7016666494309902, 0.7758333124220371, 0.3177083283662796, 0.44479165971279144]
147;422;422;1628506176;176;0,3801169590643275;truncated;0,1328125;0,14250000000000007;0,12708333134651184;0,0741666629910469;[0.8075, 0.9975, 0.3015625, 0.4791666666666667];[0.7016666494309902, 0.7758333124220371, 0.3177083283662796, 0.44479165971279144]
148;422;422;1628506176;178;0,32812499999999983;truncated;0,13593750000000004;0,16000000000000003;0,13593749701976776;0,10166666656732559;[0.8325, 0.9983333333333333, 0.303125, 0.4817708333333333];[0.7416666857898235, 0.8433333523571491, 0.3192708268761635, 0.45520832389593124, 0.0, 0.0]
149;422;422;1628506176;179;0,2737430167597769;truncated;0,13854166666666667;0,14916666666666667;0,13593749701976776;0,10166666656732559;[0.85, 0.9983333333333333, 0.30416666666666664, 0.48333333333333334];[0.7416666857898235, 0.8433333523571491, 0.3192708268761635, 0.45520832389593124]
150;515;515;1628506176;179;0,18627450980392138;truncated;0,06562500000000004;0,14;0,04218750074505806;0,14749999344348907;[0.2658333333333333, 0.4058333333333333, 0.934375, 1.0];[0.2758333310484886, 0.4233333244919777, 0.9578125234693289, 1.000000024214387]
151;515;515;1628506176;180;0,17160850170558914;truncated;0,06979166666666659;0,13583333333333336;0,04218750074505806;0,14749999344348907;[0.26416666666666666, 0.4, 0.9291666666666667, 0.9989583333333333];[0.2758333310484886, 0.4233333244919777, 0.9578125234693289, 1.000000024214387]
152;522;522;1628506176;180;0,17160850170558914;truncated;0,057812500000000044;0,08583333333333332;0,03593749925494194;0,08749999850988388;[0.26416666666666666, 0.4, 0.9291666666666667, 0.9989583333333333];[0.3999999947845936, 0.48749999329447746, 0.9640624765306711, 0.9999999757856131]
153;51;541;1628506176;180;0,35938903863432187;truncated;0,024479166666666663;0,046666666666666676;0,01666666753590107;0,034166667610406876;[0.12083333333333333, 0.165, 0.2546875, 0.2765625];[0.0891666691750288, 0.12333333678543568, 0.25624998565763235, 0.2729166531935334]
154;422;422;1628506176;181;0,38016528925619814;truncated;0,14375;0,1725;0,13593749701976776;0,10166666656732559;[0.8866666666666667, 0.9966666666666667, 0.3072916666666667, 0.48489583333333336];[0.7416666857898235, 0.8433333523571491, 0.3192708268761635, 0.45520832389593124]
155;522;522;1628506176;181;0,147819660014782;truncated;0,06406250000000002;0,08250000000000002;0,03593749925494194;0,08749999850988388;[0.2625, 0.3975, 0.9234375, 0.9984375];[0.3999999947845936, 0.48749999329447746, 0.9640624765306711, 0.9999999757856131]
156;51;541;1628506176;181;0,35938903863432187;truncated;0,024479166666666663;0,046666666666666676;0,01666666753590107;0,034166667610406876;[0.09083333333333334, 0.1375, 0.2557291666666667, 0.28020833333333334];[0.0891666691750288, 0.12333333678543568, 0.25624998565763235, 0.2729166531935334]
157;51;541;1628506176;182;0,35938903863432187;truncated;0,024479166666666663;0,046666666666666676;0,01666666753590107;0,034166667610406876;[0.12083333333333333, 0.165, 0.2546875, 0.2765625];[0.0891666691750288, 0.12333333678543568, 0.25624998565763235, 0.2729166531935334]
158;51;541;1628506176;183;0,35938903863432187;truncated;0,024479166666666663;0,046666666666666676;0,01927083358168602;0,03750000149011612;[0.12083333333333333, 0.165, 0.2546875, 0.2765625];[0.08750000223517418, 0.1250000037252903, 0.25416666455566883, 0.27343749813735485, 0.0, 0.0]
159;51;550;1628506176;184;0,35040431266846345;truncated;0,024479166666666663;0,046666666666666676;0,01927083358168602;0,03750000149011612;[0.09083333333333334, 0.1375, 0.2557291666666667, 0.28020833333333334];[0.08750000223517418, 0.1250000037252903, 0.25416666455566883, 0.27343749813735485]
160;51;550;1628506176;185;0,35040431266846345;truncated;0,024479166666666663;0,046666666666666676;0,01875000074505806;0,03750000149011612;[0.09083333333333334, 0.1375, 0.2557291666666667, 0.28020833333333334];[0.08916666731238365, 0.12666666880249977, 0.2546874936670065, 0.27343749441206455, 0.0, 0.0]
161;51;550;1628506177;186;0,35040431266846345;truncated;0,024479166666666663;0,046666666666666676;0,01875000074505806;0,036666665226221085;[0.12083333333333333, 0.165, 0.2598958333333333, 0.28177083333333336];[0.0891666691750288, 0.12583333440124989, 0.25416666828095913, 0.2729166690260172, 0.0, 0.0]
162;155;550;1628506177;187;0,35040431266846345;truncated;0,024479166666666663;0,046666666666666676;0,01927083358168602;0,036666665226221085;[0.12083333333333333, 0.165, 0.2598958333333333, 0.28177083333333336];[0.0891666691750288, 0.12583333440124989, 0.25364583916962147, 0.2729166727513075, 0.0, 0.0]
163;155;550;1628506177;188;0,35040431266846345;truncated;0,024479166666666663;0,046666666666666676;0,01927083358168602;0,036666665226221085;[0.12083333333333333, 0.165, 0.2598958333333333, 0.28177083333333336];[0.0891666691750288, 0.12583333440124989, 0.25364583916962147, 0.2729166727513075]
164;155;550;1628506177;189;0,35040431266846345;truncated;0,024479166666666663;0,046666666666666676;0,01927083358168602;0,036666665226221085;[0.12083333333333333, 0.165, 0.2598958333333333, 0.28177083333333336];[0.0891666691750288, 0.12583333440124989, 0.25364583916962147, 0.2729166727513075]
165;11;568;1628506177;190;0,6309523809523808;truncated;0,03125;0,07;0,03072916716337204;0,025833332911133766;[0.14833333333333334, 0.27, 0.17604166666666668, 0.2296875];[0.13083333056420088, 0.15666666347533464, 0.1848958320915699, 0.21562499925494194, 0.0, 0.0]
166;155;550;1628506177;190;0,35040431266846345;truncated;0,024479166666666663;0,046666666666666676;0,01927083358168602;0,036666665226221085;[0.12083333333333333, 0.165, 0.2598958333333333, 0.28177083333333336];[0.0891666691750288, 0.12583333440124989, 0.25364583916962147, 0.2729166727513075]
167;11;568;1628506177;191;0,8095238095238095;truncated;0,03125;0,07;0,03072916716337204;0,025833332911133766;[0.13583333333333333, 0.27166666666666667, 0.17447916666666666, 0.22760416666666666];[0.13083333056420088, 0.15666666347533464, 0.1848958320915699, 0.21562499925494194]
168;155;550;1628506177;191;0,35040431266846345;truncated;0,024479166666666663;0,046666666666666676;0,01927083358168602;0,036666665226221085;[0.09083333333333334, 0.1375, 0.2557291666666667, 0.28020833333333334];[0.0891666691750288, 0.12583333440124989, 0.25364583916962147, 0.2729166727513075]
169;155;550;1628506177;192;0,35040431266846345;truncated;0,024479166666666663;0,046666666666666676;0,01927083358168602;0,036666665226221085;[0.09083333333333334, 0.1375, 0.2557291666666667, 0.28020833333333334];[0.0891666691750288, 0.12583333440124989, 0.25364583916962147, 0.2729166727513075]
170;155;550;1628506177;193;0,35040431266846345;truncated;0,024479166666666663;0,046666666666666676;0,01927083358168602;0,036666665226221085;[0.09083333333333334, 0.1375, 0.2557291666666667, 0.28020833333333334];[0.0891666691750288, 0.12583333440124989, 0.25364583916962147, 0.2729166727513075]
171;155;550;1628506177;194;0,35040431266846345;truncated;0,024479166666666663;0,046666666666666676;0,01927083358168602;0,036666665226221085;[0.09083333333333334, 0.1375, 0.2557291666666667, 0.28020833333333334];[0.0891666691750288, 0.12583333440124989, 0.25364583916962147, 0.2729166727513075]
172;155;550;1628506177;195;0,35040431266846345;truncated;0,024479166666666663;0,046666666666666676;0,01927083358168602;0,036666665226221085;[0.09083333333333334, 0.1375, 0.2557291666666667, 0.28020833333333334];[0.0891666691750288, 0.12583333440124989, 0.25364583916962147, 0.2729166727513075]
173;155;550;1628506177;196;0,35040431266846345;truncated;0,024479166666666663;0,046666666666666676;0,01927083358168602;0,036666665226221085;[0.09083333333333334, 0.1375, 0.2557291666666667, 0.28020833333333334];[0.0891666691750288, 0.12583333440124989, 0.25364583916962147, 0.2729166727513075]
174;155;550;1628506177;197;0,35040431266846345;truncated;0,024479166666666663;0,046666666666666676;0,01927083358168602;0,036666665226221085;[0.09083333333333334, 0.1375, 0.2557291666666667, 0.28020833333333334];[0.0891666691750288, 0.12583333440124989, 0.25364583916962147, 0.2729166727513075]
175;155;550;1628506177;198;0,35040431266846345;truncated;0,024479166666666663;0,046666666666666676;0,01927083358168602;0,036666665226221085;[0.09083333333333334, 0.1375, 0.2557291666666667, 0.28020833333333334];[0.0891666691750288, 0.12583333440124989, 0.25364583916962147, 0.2729166727513075]
176;11;568;1628506177;201;0,47619047619047605;truncated;0,03125;0,07;0,03229166567325592;0,028333334252238274;[0.15916666666666668, 0.2816666666666667, 0.16614583333333333, 0.22395833333333334];[0.13416665885597467, 0.16249999310821295, 0.18124999850988388, 0.2135416641831398, 0.0, 0.0]
177;11;568;1628506177;202;0,4523809523809525;truncated;0,03125;0,07;0,03229166567325592;0,02916666679084301;[0.16083333333333333, 0.2816666666666667, 0.165625, 0.22239583333333332];[0.13416667375713587, 0.16333334054797888, 0.18124999850988388, 0.2135416641831398, 0.0, 0.0]
178;155;550;1628506177;202;0,26055705300988347;truncated;0,024479166666666663;0,046666666666666676;0,01979166641831398;0,03916666656732559;[0.12083333333333333, 0.165, 0.2598958333333333, 0.28177083333333336];[0.08999999985098839, 0.12916666641831398, 0.2505208235234022, 0.2703124899417162, 0.0, 0.0]
179;11;568;1628506177;203;0,4285714285714285;truncated;0,03125;0,07;0,03229166567325592;0,02916666679084301;[0.1625, 0.2841666666666667, 0.16510416666666666, 0.22135416666666666];[0.13416667375713587, 0.16333334054797888, 0.18072917312383652, 0.21302083879709244, 0.0, 0.0]
180;11;568;1628506177;204;0,5476190476190476;truncated;0,03125;0,07;0,03281249850988388;0,02916666679084301;[0.1625, 0.2833333333333333, 0.16458333333333333, 0.221875];[0.13416667375713587, 0.16333334054797888, 0.18072916939854622, 0.2135416679084301, 0.0, 0.0]
181;11;568;1628506177;205;0,5476190476190476;truncated;0,03125;0,07;0,03229166567325592;0,029999999329447746;[0.1625, 0.2841666666666667, 0.16354166666666667, 0.22083333333333333];[0.13416667375713587, 0.16416667308658361, 0.18020833283662796, 0.21249999850988388, 0.0, 0.0]
182;11;568;1628506177;206;0,5476190476190476;truncated;0,03125;0,07;0,03229166567325592;0,029999999329447746;[0.1625, 0.2841666666666667, 0.1625, 0.21979166666666666];[0.13416667375713587, 0.16416667308658361, 0.18020833283662796, 0.21249999850988388, 0.0, 0.0]
183;580;586;1628506177;207;0,15873015873015833;truncated;0,03281249999999997;0,04749999999999999;0,02187499962747097;0,046666666865348816;[0.2525, 0.3, 0.3453125, 0.378125];[0.24166665226221085, 0.28833331912755966, 0.34427083749324083, 0.3661458371207118]
184;11;568;1628506177;207;0,5357142857142857;truncated;0,03125;0,07;0,03229166567325592;0,030833333730697632;[0.16333333333333333, 0.28583333333333333, 0.16197916666666667, 0.2203125];[0.13333334028720856, 0.1641666740179062, 0.18020833283662796, 0.21249999850988388, 0.0, 0.0]
185;580;586;1628506177;208;0,1129032258064521;truncated;0,03229166666666666;0,04833333333333334;0,02187499962747097;0,046666666865348816;[0.2525, 0.30083333333333334, 0.346875, 0.37916666666666665];[0.24166665226221085, 0.28833331912755966, 0.34427083749324083, 0.3661458371207118]
186;11;568;1628506177;208;0,5476190476190476;truncated;0,03125;0,07;0,03229166567325592;0,029999999329447746;[0.1625, 0.2866666666666667, 0.1609375, 0.21979166666666666];[0.13333332631736994, 0.16333332564681768, 0.1796875074505806, 0.21197917312383652, 0.0, 0.0]
187;11;568;1628506177;209;0,5357142857142857;truncated;0,03125;0,07;0,03229166567325592;0,030833333730697632;[0.16333333333333333, 0.2875, 0.16041666666666668, 0.21770833333333334];[0.1341666728258133, 0.16500000655651093, 0.17916666716337204, 0.21145833283662796, 0.0, 0.0]
188;11;568;1628506177;210;0,5357142857142857;truncated;0,03125;0,07;0,03229166567325592;0,030833333730697632;[0.16333333333333333, 0.29083333333333333, 0.159375, 0.2171875];[0.1341666728258133, 0.16500000655651093, 0.17916666716337204, 0.21145833283662796]
189;11;568;1628506178;211;0,523809523809524;truncated;0,03125;0,07;0,03229166567325592;0,030833333730697632;[0.16416666666666666, 0.2916666666666667, 0.15885416666666666, 0.2171875];[0.1341666728258133, 0.16500000655651093, 0.17916666716337204, 0.21145833283662796]
190;11;568;1628506178;212;0,5119047619047618;truncated;0,03125;0,07;0,03229166567325592;0,030833333730697632;[0.165, 0.2925, 0.1578125, 0.21666666666666667];[0.1341666728258133, 0.16500000655651093, 0.17916666716337204, 0.21145833283662796]
191;11;568;1628506178;213;0,5;truncated;0,03125;0,07;0,03229166567325592;0,030833333730697632;[0.16583333333333333, 0.2925, 0.15677083333333333, 0.21614583333333334];[0.1341666728258133, 0.16500000655651093, 0.17916666716337204, 0.21145833283662796]
192;21;21;1628506178;216;0,12162162162162206;truncated;0,021875000000000033;0,046666666666666676;0,02187499962747097;0,032499998807907104;[0.1075, 0.15416666666666667, 0.459375, 0.48125];[0.1066666692495346, 0.1391666680574417, 0.46145833749324083, 0.4833333371207118]
193;21;21;1628506178;217;0,208845208845209;truncated;0,021874999999999978;0,04833333333333334;0,02187499962747097;0,032499998807907104;[0.10916666666666666, 0.1575, 0.4588541666666667, 0.48072916666666665];[0.1066666692495346, 0.1391666680574417, 0.46145833749324083, 0.4833333371207118]
194;153;602;1628506178;220;0,1064162754303595;truncated;0,02812500000000001;0,05916666666666666;0,02291666716337204;0,04916666820645332;[0.11916666666666667, 0.19333333333333333, 0.19791666666666666, 0.2296875];[0.09583332948386669, 0.14499999769032001, 0.22552083805203438, 0.24843750521540642]
195;153;602;1628506178;221;0,1064162754303595;truncated;0,02812500000000001;0,05916666666666666;0,02291666716337204;0,04916666820645332;[0.11916666666666667, 0.19333333333333333, 0.19791666666666666, 0.2296875];[0.09583332948386669, 0.14499999769032001, 0.22552083805203438, 0.24843750521540642]
196;153;602;1628506178;222;0,1064162754303595;truncated;0,02812500000000001;0,05916666666666666;0,02291666716337204;0,04916666820645332;[0.11916666666666667, 0.19333333333333333, 0.19791666666666666, 0.2296875];[0.09583332948386669, 0.14499999769032001, 0.22552083805203438, 0.24843750521540642]
197;21;21;1628506178;223;0,18478260869565252;truncated;0,021875000000000033;0,0475;0,02187499962747097;0,032499998807907104;[0.105, 0.1525, 0.45729166666666665, 0.4791666666666667];[0.1066666692495346, 0.1391666680574417, 0.46145833749324083, 0.4833333371207118]
198;153;602;1628506178;223;0,2553191489361716;truncated;0,02812500000000001;0,05916666666666666;0,02291666716337204;0,04916666820645332;[0.09083333333333334, 0.1375, 0.2453125, 0.26979166666666665];[0.09583332948386669, 0.14499999769032001, 0.22552083805203438, 0.24843750521540642]
199;153;640;1628506178;224;0,2553191489361716;truncated;0,02812500000000001;0,05916666666666666;0,02291666716337204;0,04916666820645332;[0.09083333333333334, 0.1375, 0.2453125, 0.26979166666666665];[0.09583332948386669, 0.14499999769032001, 0.22552083805203438, 0.24843750521540642]
200;153;640;1628506178;225;0,2553191489361716;truncated;0,02812500000000001;0,05916666666666666;0,02291666716337204;0,04916666820645332;[0.09083333333333334, 0.1375, 0.2453125, 0.26979166666666665];[0.09583332948386669, 0.14499999769032001, 0.22552083805203438, 0.24843750521540642]
201;153;612;1628506178;226;0,2553191489361716;truncated;0,02812500000000001;0,05916666666666666;0,02291666716337204;0,04916666820645332;[0.09083333333333334, 0.1375, 0.2453125, 0.26979166666666665];[0.09583332948386669, 0.14499999769032001, 0.22552083805203438, 0.24843750521540642]
202;153;640;1628506178;227;0,2553191489361716;truncated;0,02812500000000001;0,05916666666666666;0,02291666716337204;0,04916666820645332;[0.08833333333333333, 0.1475, 0.2234375, 0.2515625];[0.09583332948386669, 0.14499999769032001, 0.22552083805203438, 0.24843750521540642]
203;153;640;1628506178;228;0,2553191489361716;truncated;0,02812500000000001;0,05916666666666666;0,02291666716337204;0,04916666820645332;[0.09083333333333334, 0.1375, 0.2453125, 0.26979166666666665];[0.09583332948386669, 0.14499999769032001, 0.22552083805203438, 0.24843750521540642]
204;153;640;1628506178;229;0,1064162754303595;truncated;0,02812500000000001;0,05916666666666666;0,02291666716337204;0,04916666820645332;[0.11916666666666667, 0.19333333333333333, 0.19791666666666666, 0.2296875];[0.09583332948386669, 0.14499999769032001, 0.22552083805203438, 0.24843750521540642]
205;153;640;1628506178;230;0,2553191489361716;truncated;0,02812500000000001;0,05916666666666666;0,02291666716337204;0,04916666820645332;[0.09083333333333334, 0.1375, 0.2453125, 0.26979166666666665];[0.09583332948386669, 0.14499999769032001, 0.22552083805203438, 0.24843750521540642]
206;153;640;1628506178;231;0,2553191489361716;truncated;0,02812500000000001;0,05916666666666666;0,02291666716337204;0,04916666820645332;[0.08833333333333333, 0.1475, 0.2234375, 0.2515625];[0.09583332948386669, 0.14499999769032001, 0.22552083805203438, 0.24843750521540642]
207;16;631;1628506178;232;0,4403645135352454;truncated;0,16718750000000004;0,3341666666666667;0,14270833134651184;0,273333340883255;[0.6333333333333333, 0.9675, 0.334375, 0.5015625];[0.5566666573286057, 0.8299999982118607, 0.3239583224058151, 0.46666665375232697]
208;153;625;1628506178;232;0,1064162754303595;truncated;0,02812500000000001;0,05916666666666666;0,02291666716337204;0,04916666820645332;[0.11916666666666667, 0.19333333333333333, 0.19791666666666666, 0.2296875];[0.09583332948386669, 0.14499999769032001, 0.22552083805203438, 0.24843750521540642]
209;16;631;1628506178;233;0,4248447204968943;truncated;0,17031250000000003;0,33666666666666667;0,14270833134651184;0,273333340883255;[0.5925, 0.7458333333333333, 0.303125, 0.39427083333333335];[0.5566666573286057, 0.8299999982118607, 0.3239583224058151, 0.46666665375232697]
210;153;640;1628506178;233;0,2553191489361716;truncated;0,02812500000000001;0,05916666666666666;0,02291666716337204;0,04916666820645332;[0.09083333333333334, 0.1375, 0.2453125, 0.26979166666666665];[0.09583332948386669, 0.14499999769032001, 0.22552083805203438, 0.24843750521540642]
211;153;602;1628506178;234;0,2553191489361716;truncated;0,02812500000000001;0,05916666666666666;0,02291666716337204;0,04916666820645332;[0.08833333333333333, 0.1475, 0.2234375, 0.2515625];[0.09583332948386669, 0.14499999769032001, 0.22552083805203438, 0.24843750521540642]
212;153;662;1628506178;235;0,1064162754303595;truncated;0,02812500000000001;0,05916666666666666;0,02291666716337204;0,04916666820645332;[0.11916666666666667, 0.19333333333333333, 0.19791666666666666, 0.2296875];[0.09583332948386669, 0.14499999769032001, 0.22552083805203438, 0.24843750521540642]
213;153;640;1628506179;236;0,1064162754303595;truncated;0,02812500000000001;0,05916666666666666;0,02291666716337204;0,04916666820645332;[0.11916666666666667, 0.19333333333333333, 0.19791666666666666, 0.2296875];[0.09583332948386669, 0.14499999769032001, 0.22552083805203438, 0.24843750521540642]
214;153;632;1628506179;237;0,1064162754303595;truncated;0,02812500000000001;0,05916666666666666;0,02291666716337204;0,04916666820645332;[0.11916666666666667, 0.19333333333333333, 0.19791666666666666, 0.2296875];[0.09583332948386669, 0.14499999769032001, 0.22552083805203438, 0.24843750521540642]
215;558;558;1628506179;238;0,38808250572956493;truncated;0,10572916666666665;0,15583333333333327;0,08385416865348816;0,13583333790302277;[0.6908333333333333, 0.9991666666666666, 0.3421875, 0.5276041666666667];[0.5908333286643028, 0.7266666665673256, 0.3036458343267441, 0.38750000298023224]
216;153;602;1628506179;238;0,2553191489361716;truncated;0,02812500000000001;0,05916666666666666;0,02291666716337204;0,04916666820645332;[0.08833333333333333, 0.1475, 0.2234375, 0.2515625];[0.09583332948386669, 0.14499999769032001, 0.22552083805203438, 0.24843750521540642]
217;558;558;1628506179;239;0,3538106796116504;truncated;0,10729166666666667;0,16666666666666663;0,08385416865348816;0,13583333790302277;[0.7033333333333334, 0.9983333333333333, 0.34322916666666664, 0.5322916666666667];[0.5908333286643028, 0.7266666665673256, 0.3036458343267441, 0.38750000298023224]
218;153;602;1628506179;239;0,2553191489361716;truncated;0,02812500000000001;0,05916666666666666;0,02291666716337204;0,04916666820645332;[0.09083333333333334, 0.1375, 0.2453125, 0.26979166666666665];[0.09583332948386669, 0.14499999769032001, 0.22552083805203438, 0.24843750521540642]
219;558;558;1628506179;240;0,3476777251184835;truncated;0,1098958333333333;0,16666666666666663;0,08385416865348816;0,13583333790302277;[0.715, 0.9975, 0.34427083333333336, 0.5380208333333333];[0.5908333286643028, 0.7266666665673256, 0.3036458343267441, 0.38750000298023224]
220;153;602;1628506179;240;0,2553191489361716;truncated;0,02812500000000001;0,05916666666666666;0,02291666716337204;0,04916666820645332;[0.09083333333333334, 0.1375, 0.2453125, 0.26979166666666665];[0.09583332948386669, 0.14499999769032001, 0.22552083805203438, 0.24843750521540642]
221;153;602;1628506179;241;0,2553191489361716;truncated;0,02812500000000001;0,05916666666666666;0,02291666716337204;0,04916666820645332;[0.08833333333333333, 0.1475, 0.2234375, 0.2515625];[0.09583332948386669, 0.14499999769032001, 0.22552083805203438, 0.24843750521540642]
222;153;602;1628506179;242;0,2553191489361716;truncated;0,02812500000000001;0,05916666666666666;0,02291666716337204;0,04916666820645332;[0.09083333333333334, 0.1375, 0.2453125, 0.26979166666666665];[0.09583332948386669, 0.14499999769032001, 0.22552083805203438, 0.24843750521540642]
223;153;602;1628506179;243;0,2553191489361716;truncated;0,02812500000000001;0,05916666666666666;0,02291666716337204;0,04916666820645332;[0.08833333333333333, 0.1475, 0.2234375, 0.2515625];[0.09583332948386669, 0.14499999769032001, 0.22552083805203438, 0.24843750521540642]
224;153;602;1628506179;244;0,2553191489361716;truncated;0,02812500000000001;0,05916666666666666;0,02291666716337204;0,04916666820645332;[0.09083333333333334, 0.1375, 0.2453125, 0.26979166666666665];[0.09583332948386669, 0.14499999769032001, 0.22552083805203438, 0.24843750521540642]
225;153;640;1628506179;245;0,2553191489361716;truncated;0,02812500000000001;0,05916666666666666;0,02291666716337204;0,04916666820645332;[0.09083333333333334, 0.1375, 0.2453125, 0.26979166666666665];[0.09583332948386669, 0.14499999769032001, 0.22552083805203438, 0.24843750521540642]
226;60;686;1628506179;246;0,99;merged;0,048437499999999994;0,08249999999999999;0,04374999925494194;0,08250000327825546;[0.22666666666666666, 0.30916666666666665, 0.228125, 0.2765625];[0.2266666777431965, 0.30916668102145195, 0.22812500037252903, 0.27187499962747097, 0.0, 0.0]
227;60;686;1628506179;246;0,99;merged;0,04322916666666668;0,08249999999999999;0,04374999925494194;0,08250000327825546;[0.22666666666666666, 0.30916666666666665, 0.228125, 0.2765625];[0.2266666777431965, 0.30916668102145195, 0.22812500037252903, 0.27187499962747097, 0.0, 0.0]
228;680;680;1628506179;246;0,5232558139534872;truncated;0,028125000000000067;0,07166666666666671;0,01875000074505806;0,04833333194255829;[0.3525, 0.4241666666666667, 0.9713541666666666, 0.9994791666666667];[0.35999999195337296, 0.40833332389593124, 0.9812500234693289, 1.000000024214387]
229;153;625;1628506179;246;0,2553191489361716;truncated;0,02812500000000001;0,05916666666666666;0,02291666716337204;0,04916666820645332;[0.08833333333333333, 0.1475, 0.2234375, 0.2515625];[0.09583332948386669, 0.14499999769032001, 0.22552083805203438, 0.24843750521540642]
230;680;680;1628506179;247;0,4285714285714289;truncated;0,034375000000000044;0,07;0,01875000074505806;0,04833333194255829;[0.3516666666666667, 0.4216666666666667, 0.965625, 1.0];[0.35999999195337296, 0.40833332389593124, 0.9812500234693289, 1.000000024214387]
231;153;625;1628506179;247;0,2553191489361716;truncated;0,02812500000000001;0,05916666666666666;0,02291666716337204;0,04916666820645332;[0.08833333333333333, 0.1475, 0.2234375, 0.2515625];[0.09583332948386669, 0.14499999769032001, 0.22552083805203438, 0.24843750521540642]
232;680;680;1628506179;248;0,3547523427041495;truncated;0,042187500000000044;0,06916666666666671;0,01875000074505806;0,04833333194255829;[0.35, 0.4191666666666667, 0.9578125, 1.0];[0.35999999195337296, 0.40833332389593124, 0.9812500234693289, 1.000000024214387]
233;153;640;1628506179;250;0,2234042553191492;truncated;0,02812500000000001;0,05916666666666666;0,02291666716337204;0,04916666820645332;[0.09083333333333334, 0.1375, 0.24010416666666667, 0.26458333333333334];[0.09583332948386669, 0.14499999769032001, 0.22552083805203438, 0.24843750521540642]
234;153;640;1628506179;251;0,2234042553191492;truncated;0,02812500000000001;0,05916666666666666;0,02291666716337204;0,04916666820645332;[0.09666666666666666, 0.15583333333333332, 0.21822916666666667, 0.24635416666666668];[0.09583332948386669, 0.14499999769032001, 0.22552083805203438, 0.24843750521540642]
235;153;694;1628506179;252;0,2234042553191492;truncated;0,02812500000000001;0,05916666666666666;0,02291666716337204;0,04916666820645332;[0.09666666666666666, 0.15583333333333332, 0.21822916666666667, 0.24635416666666668];[0.09583332948386669, 0.14499999769032001, 0.22552083805203438, 0.24843750521540642]
236;153;640;1628506179;253;0,2234042553191492;truncated;0,02812500000000001;0,05916666666666666;0,02291666716337204;0,04916666820645332;[0.09666666666666666, 0.15583333333333332, 0.21822916666666667, 0.24635416666666668];[0.09583332948386669, 0.14499999769032001, 0.22552083805203438, 0.24843750521540642]
237;60;700;1628506179;254;0,99;merged;0,05052083333333332;0,08500000000000002;0,04531250149011612;0,08500000089406967;[0.23333333333333334, 0.31833333333333336, 0.22604166666666667, 0.2765625];[0.23333333805203438, 0.31833333894610405, 0.22604167088866234, 0.27135417237877846, 0.0, 0.0]
238;153;694;1628506179;254;0,2234042553191492;truncated;0,02812500000000001;0,05916666666666666;0,02291666716337204;0,04916666820645332;[0.09083333333333334, 0.1375, 0.24010416666666667, 0.26458333333333334];[0.09583332948386669, 0.14499999769032001, 0.22552083805203438, 0.24843750521540642]
239;153;699;1628506179;255;0,2234042553191492;truncated;0,02812500000000001;0,05916666666666666;0,02291666716337204;0,04916666820645332;[0.09666666666666666, 0.15583333333333332, 0.21822916666666667, 0.24635416666666668];[0.09583332948386669, 0.14499999769032001, 0.22552083805203438, 0.24843750521540642]
240;60;717;1628506180;266;0,1842105263157893;merged;0,05572916666666669;0,09166666666666665;0,05052083358168602;0,09166666865348816;[0.21833333333333332, 0.25, 0.2234375, 0.25677083333333334];[0.2449999898672104, 0.33666665852069855, 0.22031249292194843, 0.27083332650363445, 0.0, 0.0]
241;60;717;1628506180;266;0,1842105263157893;merged;0,05052083333333335;0,09166666666666665;0,05052083358168602;0,09166666865348816;[0.21833333333333332, 0.25, 0.2234375, 0.25677083333333334];[0.2449999898672104, 0.33666665852069855, 0.22031249292194843, 0.27083332650363445, 0.0, 0.0]
242;718;718;1628506180;268;0,1538461538461547;merged;0,05625000000000002;0,0925;0,05104166641831398;0,0925000011920929;[0.21833333333333332, 0.25083333333333335, 0.221875, 0.2557291666666667];[0.24666665494441986, 0.33916665613651276, 0.21979166381061077, 0.27083333022892475, 0.0, 0.0]
243;60;719;1628506180;272;0,12195121951219547;merged;0,05833333333333335;0,095;0,05312500149011612;0,09583333134651184;[0.21916666666666668, 0.25333333333333335, 0.21979166666666666, 0.2557291666666667];[0.24916668236255646, 0.3450000137090683, 0.21770833060145378, 0.2708333320915699, 0.0, 0.0]
244;51;302;1628506181;287;0,6938775510204079;truncated;0,03541666666666665;0,0675;0,02604166604578495;0,061666667461395264;[0.1675, 0.20833333333333334, 0.28229166666666666, 0.3104166666666667];[0.12083333730697632, 0.18250000476837158, 0.28750000428408384, 0.3135416703298688]
245;51;302;1628506181;288;0,6874999999999999;truncated;0,03437499999999999;0,0675;0,02604166604578495;0,061666667461395264;[0.16833333333333333, 0.20833333333333334, 0.2828125, 0.3104166666666667];[0.12083333730697632, 0.18250000476837158, 0.28750000428408384, 0.3135416703298688]
246;51;302;1628506181;289;0,6938775510204078;truncated;0,03541666666666665;0,06833333333333333;0,02604166604578495;0,061666667461395264;[0.16833333333333333, 0.20916666666666667, 0.2828125, 0.3104166666666667];[0.12083333730697632, 0.18250000476837158, 0.28750000428408384, 0.3135416703298688]
247;51;302;1628506181;290;0,7021276595744683;truncated;0,03593750000000001;0,06916666666666668;0,02604166604578495;0,061666667461395264;[0.17, 0.20916666666666667, 0.28229166666666666, 0.3109375];[0.12083333730697632, 0.18250000476837158, 0.28750000428408384, 0.3135416703298688]
248;51;302;1628506181;291;0,7021276595744677;truncated;0,03593750000000001;0,06916666666666665;0,02604166604578495;0,061666667461395264;[0.17166666666666666, 0.21083333333333334, 0.2838541666666667, 0.31197916666666664];[0.12083333730697632, 0.18250000476837158, 0.28750000428408384, 0.3135416703298688]
249;51;302;1628506181;292;0,7021276595744678;truncated;0,036458333333333315;0,06999999999999998;0,02604166604578495;0,061666667461395264;[0.17166666666666666, 0.21083333333333334, 0.2833333333333333, 0.3125];[0.12083333730697632, 0.18250000476837158, 0.28750000428408384, 0.3135416703298688]
250;51;302;1628506181;293;0,7083333333333335;truncated;0,03541666666666665;0,06916666666666668;0,02604166604578495;0,061666667461395264;[0.17166666666666666, 0.21166666666666667, 0.2838541666666667, 0.3125];[0.12083333730697632, 0.18250000476837158, 0.28750000428408384, 0.3135416703298688]
251;51;302;1628506181;294;0,7291666666666666;truncated;0,03541666666666665;0,07;0,02604166604578495;0,061666667461395264;[0.17166666666666666, 0.21166666666666667, 0.2838541666666667, 0.31302083333333336];[0.12083333730697632, 0.18250000476837158, 0.28750000428408384, 0.3135416703298688]
252;51;302;1628506181;295;0,723404255319149;truncated;0,03541666666666665;0,07166666666666668;0,02604166604578495;0,061666667461395264;[0.17416666666666666, 0.21333333333333335, 0.2838541666666667, 0.31354166666666666];[0.12083333730697632, 0.18250000476837158, 0.28750000428408384, 0.3135416703298688]
253;51;302;1628506181;296;0,7234042553191489;truncated;0,03489583333333329;0,07083333333333333;0,02604166604578495;0,061666667461395264;[0.17333333333333334, 0.2125, 0.28489583333333335, 0.31302083333333336];[0.12083333730697632, 0.18250000476837158, 0.28750000428408384, 0.3135416703298688]
254;51;302;1628506181;297;0,7291666666666666;truncated;0,03437499999999999;0,07166666666666668;0,02604166604578495;0,061666667461395264;[0.17333333333333334, 0.21333333333333335, 0.284375, 0.31354166666666666];[0.12083333730697632, 0.18250000476837158, 0.28750000428408384, 0.3135416703298688]
255;51;302;1628506181;299;0,6938775510204078;truncated;0,03437499999999999;0,07083333333333333;0,02604166604578495;0,061666667461395264;[0.13083333333333333, 0.20166666666666666, 0.2833333333333333, 0.3177083333333333];[0.12083333730697632, 0.18250000476837158, 0.28750000428408384, 0.3135416703298688]
256;51;302;1628506181;300;0,673469387755102;truncated;0,03437499999999999;0,07;0,02604166604578495;0,061666667461395264;[0.13083333333333333, 0.20083333333333334, 0.2833333333333333, 0.3177083333333333];[0.12083333730697632, 0.18250000476837158, 0.28750000428408384, 0.3135416703298688]
257;51;302;1628506181;301;0,7346938775510204;truncated;0,03437499999999999;0,07250000000000001;0,02604166604578495;0,061666667461395264;[0.13083333333333333, 0.20333333333333334, 0.2833333333333333, 0.3177083333333333];[0.12083333730697632, 0.18250000476837158, 0.28750000428408384, 0.3135416703298688]
