;truth_id;detection_id;stamp_sec;frame_nb;occlusion_severity;undetected;truth_width;truth_height;det_width;det_height;truth_box;det_box
0;15;15;1628506171;0;0,4423076923076896;no;0,020312499999999956;0,03583333333333333;0,02031249925494194;0,03583333268761635;[0.04083333333333333, 0.07666666666666666, 0.55625, 0.5765625];[0.04083333333333333, 0.07666666666666666, 0.55625, 0.5765625]
1;59;59;1628506171;0;0,4423076923076896;no;0,014583333333333393;0,021666666666666667;0,014583333395421505;0,021666666492819786;[0.065, 0.08666666666666667, 0.5536458333333333, 0.5682291666666667];[0.065, 0.08666666666666667, 0.5536458333333333, 0.5682291666666667]
2;5;5;1628506171;0;0,21323529411764644;no;0,017708333333333326;0,026666666666666658;0,01770833320915699;0,02666666731238365;[0.05416666666666667, 0.08083333333333333, 0.37604166666666666, 0.39375];[0.05416666666666667, 0.08083333333333333, 0.37604166666666666, 0.39375]
3;27;27;1628506171;0;0,21323529411764644;no;0,019791666666666652;0,027499999999999997;0,01979166641831398;0,027499999850988388;[0.07416666666666667, 0.10166666666666667, 0.37864583333333335, 0.3984375];[0.07416666666666667, 0.10166666666666667, 0.37864583333333335, 0.3984375]
4;58;58;1628506171;0;0,25599999999999984;no;0,08645833333333333;0,10166666666666666;0,08697916567325592;0,10083333402872086;[0.18333333333333332, 0.285, 0.030729166666666665, 0.1171875];[0.18333333333333332, 0.285, 0.030729166666666665, 0.1171875]
5;19;19;1628506171;0;0,25599999999999984;no;0,06510416666666667;0,08250000000000002;0,06562499701976776;0,08250000327825546;[0.245, 0.3275, 0.0, 0.06510416666666667];[0.245, 0.3275, 0.0, 0.06510416666666667]
6;21;21;1628506171;0;0,2470588235294113;no;0,056770833333333326;0,0708333333333333;0,05677083507180214;0,07083333283662796;[0.22166666666666668, 0.2925, 0.2, 0.25677083333333334];[0.22166666666666668, 0.2925, 0.2, 0.25677083333333334]
7;79;79;1628506171;0;0,2470588235294113;no;0,08645833333333333;0,13916666666666666;0,08645833283662796;0,1391666680574417;[0.275, 0.4141666666666667, 0.1859375, 0.27239583333333334];[0.275, 0.4141666666666667, 0.1859375, 0.27239583333333334]
8;71;71;1628506171;0;0,39171607378129136;no;0,09166666666666667;0,11499999999999994;0,09166666865348816;0,11500000208616257;[0.44083333333333335, 0.5558333333333333, 0.759375, 0.8510416666666667];[0.44083333333333335, 0.5558333333333333, 0.759375, 0.8510416666666667]
9;64;64;1628506171;0;0,39171607378129136;no;0,21875;0,31833333333333336;0,21875;0,3191666603088379;[0.18166666666666667, 0.5, 0.78125, 1.0];[0.18166666666666667, 0.5, 0.78125, 1.0]
10;15;15;1628506171;1;0,4423076923076901;no;0,020312499999999956;0,035;0,02031249925494194;0,03583333268761635;[0.04083333333333333, 0.07583333333333334, 0.55625, 0.5765625];[0.04083333333333333, 0.07583333333333334, 0.55625, 0.5765625]
11;59;59;1628506171;1;0,4423076923076901;no;0,014583333333333393;0,021666666666666667;0,014583333395421505;0,021666666492819786;[0.06416666666666666, 0.08583333333333333, 0.5536458333333333, 0.5682291666666667];[0.06416666666666666, 0.08583333333333333, 0.5536458333333333, 0.5682291666666667]
12;69;69;1628506171;1;0,12000000000000009;no;0,016145833333333304;0,020833333333333336;0,01614583283662796;0,02083333395421505;[0.055, 0.07583333333333334, 0.4078125, 0.4239583333333333];[0.055, 0.07583333333333334, 0.4078125, 0.4239583333333333]
13;6;6;1628506171;1;0,12000000000000009;no;0,0234375;0,030833333333333338;0,0234375;0,030833333730697632;[0.07333333333333333, 0.10416666666666667, 0.4046875, 0.428125];[0.07333333333333333, 0.10416666666666667, 0.4046875, 0.428125]
14;5;5;1628506171;1;0,2521008403361349;no;0,01822916666666663;0,028333333333333335;0,01770833320915699;0,02666666731238365;[0.05416666666666667, 0.0825, 0.37552083333333336, 0.39375];[0.05416666666666667, 0.0825, 0.37552083333333336, 0.39375]
15;27;27;1628506171;1;0,2521008403361349;no;0,02083333333333337;0,02833333333333332;0,01979166641831398;0,027499999850988388;[0.07416666666666667, 0.1025, 0.378125, 0.39895833333333336];[0.07416666666666667, 0.1025, 0.378125, 0.39895833333333336]
16;58;58;1628506171;1;0,2990638002773927;no;0,08854166666666666;0,10250000000000001;0,08906249701976776;0,10249999910593033;[0.18666666666666668, 0.2891666666666667, 0.022395833333333334, 0.1109375];[0.18666666666666668, 0.2891666666666667, 0.022395833333333334, 0.1109375]
17;19;19;1628506171;1;0,2990638002773927;no;0,058333333333333334;0,08583333333333332;0,06562499701976776;0,08250000327825546;[0.2475, 0.3333333333333333, 0.0, 0.058333333333333334];[0.2475, 0.3333333333333333, 0.0, 0.058333333333333334]
18;21;21;1628506171;1;0,21839080459770077;no;0,05833333333333332;0,07250000000000001;0,05677083507180214;0,07083333283662796;[0.21833333333333332, 0.29083333333333333, 0.19947916666666668, 0.2578125];[0.21833333333333332, 0.29083333333333333, 0.19947916666666668, 0.2578125]
19;79;79;1628506171;1;0,21839080459770077;no;0,08645833333333333;0,13916666666666666;0,08645833283662796;0,1391666680574417;[0.275, 0.4141666666666667, 0.1859375, 0.27239583333333334];[0.275, 0.4141666666666667, 0.1859375, 0.27239583333333334]
20;71;71;1628506171;1;0,3505715841045179;no;0,08697916666666661;0,10999999999999999;0,09166666865348816;0,11500000208616257;[0.4275, 0.5375, 0.7479166666666667, 0.8348958333333333];[0.4275, 0.5375, 0.7479166666666667, 0.8348958333333333]
21;64;64;1628506171;1;0,3505715841045179;no;0,22291666666666665;0,30666666666666664;0,22291666269302368;0,30666667222976685;[0.17833333333333334, 0.485, 0.7765625, 0.9994791666666667];[0.17833333333333334, 0.485, 0.7765625, 0.9994791666666667]
22;15;15;1628506171;2;0,49999999999999944;no;0,021874999999999978;0,035833333333333335;0,02031249925494194;0,03583333268761635;[0.04, 0.07583333333333334, 0.5552083333333333, 0.5770833333333333];[0.04, 0.07583333333333334, 0.5552083333333333, 0.5770833333333333]
23;59;59;1628506171;2;0,49999999999999944;no;0,014583333333333393;0,020833333333333343;0,014583333395421505;0,02083333395421505;[0.06416666666666666, 0.085, 0.5536458333333333, 0.5682291666666667];[0.06416666666666666, 0.085, 0.5536458333333333, 0.5682291666666667]
24;82;82;1628506171;2;0,99;no;0,013541666666666674;0,018333333333333337;0,01354166679084301;0,018333332613110542;[0.024166666666666666, 0.0425, 0.41875, 0.4322916666666667];[0.024166666666666666, 0.0425, 0.41875, 0.4322916666666667]
25;82;82;1628506171;2;0,99;no;0,013541666666666674;0,018333333333333337;0,01354166679084301;0,018333332613110542;[0.024166666666666666, 0.0425, 0.41875, 0.4322916666666667];[0.024166666666666666, 0.0425, 0.41875, 0.4322916666666667]
26;69;69;1628506171;2;0,11538461538461549;no;0,016145833333333304;0,021666666666666667;0,01614583283662796;0,021666666492819786;[0.05583333333333333, 0.0775, 0.4078125, 0.4239583333333333];[0.05583333333333333, 0.0775, 0.4078125, 0.4239583333333333]
27;6;6;1628506171;2;0,11538461538461549;no;0,0234375;0,030833333333333338;0,0234375;0,030833333730697632;[0.075, 0.10583333333333333, 0.4041666666666667, 0.4276041666666667];[0.075, 0.10583333333333333, 0.4041666666666667, 0.4276041666666667]
28;58;58;1628506171;2;0,9921259842519683;no;0,090625;0,10583333333333336;0,09010417014360428;0,10583333671092987;[0.19083333333333333, 0.2966666666666667, 0.014583333333333334, 0.10520833333333333];[0.19083333333333333, 0.2966666666666667, 0.014583333333333334, 0.10520833333333333]
29;83;83;1628506171;2;0,9921259842519683;no;0,09166666666666667;0,10500000000000001;0,0911458358168602;0,10499999672174454;[0.19166666666666668, 0.2966666666666667, 0.013541666666666667, 0.10520833333333333];[0.19166666666666668, 0.2966666666666667, 0.013541666666666667, 0.10520833333333333]
30;58;58;1628506171;2;0,35941295546558727;no;0,090625;0,10583333333333336;0,09010417014360428;0,10583333671092987;[0.19083333333333333, 0.2966666666666667, 0.014583333333333334, 0.10520833333333333];[0.19083333333333333, 0.2966666666666667, 0.014583333333333334, 0.10520833333333333]
31;19;19;1628506171;2;0,35941295546558727;no;0,049479166666666664;0,08666666666666667;0,06562499701976776;0,08250000327825546;[0.2525, 0.33916666666666667, 0.0, 0.049479166666666664];[0.2525, 0.33916666666666667, 0.0, 0.049479166666666664]
32;5;5;1628506171;2;0,17647058823529388;no;0,017708333333333326;0,026666666666666658;0,01770833320915699;0,02666666731238365;[0.05416666666666667, 0.08083333333333333, 0.375, 0.3927083333333333];[0.05416666666666667, 0.08083333333333333, 0.375, 0.3927083333333333]
33;27;27;1628506171;2;0,17647058823529388;no;0,021354166666666674;0,02916666666666666;0,01979166641831398;0,027499999850988388;[0.07583333333333334, 0.105, 0.37604166666666666, 0.39739583333333334];[0.07583333333333334, 0.105, 0.37604166666666666, 0.39739583333333334]
34;42;42;1628506171;2;0,11904761904762255;no;0,021874999999999978;0,03666666666666667;0,02239583246409893;0,036666665226221085;[0.105, 0.14166666666666666, 0.6255208333333333, 0.6473958333333333];[0.105, 0.14166666666666666, 0.6255208333333333, 0.6473958333333333]
35;30;30;1628506171;2;0,11904761904762255;no;0,04375000000000007;0,07166666666666667;0,04374999925494194;0,0716666653752327;[0.1025, 0.17416666666666666, 0.584375, 0.628125];[0.1025, 0.17416666666666666, 0.584375, 0.628125]
36;83;83;1628506171;2;0,37014170040485844;no;0,09166666666666667;0,10500000000000001;0,0911458358168602;0,10499999672174454;[0.19166666666666668, 0.2966666666666667, 0.013541666666666667, 0.10520833333333333];[0.19166666666666668, 0.2966666666666667, 0.013541666666666667, 0.10520833333333333]
37;19;19;1628506171;2;0,37014170040485844;no;0,049479166666666664;0,08666666666666667;0,06562499701976776;0,08250000327825546;[0.2525, 0.33916666666666667, 0.0, 0.049479166666666664];[0.2525, 0.33916666666666667, 0.0, 0.049479166666666664]
38;21;21;1628506171;2;0,23809523809523872;no;0,060416666666666646;0,07000000000000003;0,05677083507180214;0,07083333283662796;[0.22916666666666666, 0.2991666666666667, 0.19270833333333334, 0.253125];[0.22916666666666666, 0.2991666666666667, 0.19270833333333334, 0.253125]
39;79;81;1628506171;2;0,23809523809523872;no;0,08906249999999996;0,14583333333333337;0,08906249701976776;0,1458333283662796;[0.2825, 0.42833333333333334, 0.17604166666666668, 0.26510416666666664];[0.2825, 0.42833333333333334, 0.17604166666666668, 0.26510416666666664]
40;71;71;1628506171;2;0,2939078327864176;no;0,08489583333333339;0,10749999999999998;0,09166666865348816;0,11500000208616257;[0.42083333333333334, 0.5283333333333333, 0.7411458333333333, 0.8260416666666667];[0.42083333333333334, 0.5283333333333333, 0.7411458333333333, 0.8260416666666667]
41;64;64;1628506171;2;0,2939078327864176;no;0,21562500000000007;0,29833333333333334;0,22291666269302368;0,30666667222976685;[0.1725, 0.4708333333333333, 0.7723958333333333, 0.9880208333333333];[0.1725, 0.4708333333333333, 0.7723958333333333, 0.9880208333333333]
42;69;69;1628506171;3;0,14814814814814845;no;0,016666666666666663;0,022500000000000006;0,01614583283662796;0,021666666492819786;[0.05583333333333333, 0.07833333333333334, 0.40729166666666666, 0.4239583333333333];[0.05583333333333333, 0.07833333333333334, 0.40729166666666666, 0.4239583333333333]
43;6;6;1628506171;3;0,14814814814814845;no;0,0234375;0,031666666666666676;0,0234375;0,03166666626930237;[0.075, 0.10666666666666667, 0.4041666666666667, 0.4276041666666667];[0.075, 0.10666666666666667, 0.4041666666666667, 0.4276041666666667]
44;59;59;1628506171;3;0,571428571428571;no;0,014583333333333393;0,02083333333333333;0,014583333395421505;0,02083333395421505;[0.0625, 0.08333333333333333, 0.5536458333333333, 0.5682291666666667];[0.0625, 0.08333333333333333, 0.5536458333333333, 0.5682291666666667]
45;15;15;1628506171;3;0,571428571428571;no;0,021874999999999978;0,035833333333333335;0,02031249925494194;0,03583333268761635;[0.04, 0.07583333333333334, 0.5552083333333333, 0.5770833333333333];[0.04, 0.07583333333333334, 0.5552083333333333, 0.5770833333333333]
46;83;83;1628506171;3;0,99;no;0,09166666666666667;0,10499999999999998;0,0911458358168602;0,10499999672174454;[0.1925, 0.2975, 0.009895833333333333, 0.1015625];[0.1925, 0.2975, 0.009895833333333333, 0.1015625]
47;84;84;1628506171;3;0,99;no;0,0921875;0,10583333333333333;0,09166666865348816;0,10583333671092987;[0.1925, 0.29833333333333334, 0.009375, 0.1015625];[0.1925, 0.29833333333333334, 0.009375, 0.1015625]
48;83;83;1628506171;3;0,36185037121644764;no;0,09166666666666667;0,10499999999999998;0,0911458358168602;0,10499999672174454;[0.1925, 0.2975, 0.009895833333333333, 0.1015625];[0.1925, 0.2975, 0.009895833333333333, 0.1015625]
49;19;19;1628506171;3;0,36185037121644764;no;0,044270833333333336;0,08583333333333332;0,06562499701976776;0,08250000327825546;[0.2575, 0.3433333333333333, 0.0, 0.044270833333333336];[0.2575, 0.3433333333333333, 0.0, 0.044270833333333336]
50;5;5;1628506171;3;0,19964349376114074;no;0,017708333333333326;0,027499999999999997;0,01770833320915699;0,027499999850988388;[0.05416666666666667, 0.08166666666666667, 0.375, 0.3927083333333333];[0.05416666666666667, 0.08166666666666667, 0.375, 0.3927083333333333]
51;27;27;1628506171;3;0,19964349376114074;no;0,020833333333333315;0,02916666666666666;0,01979166641831398;0,027499999850988388;[0.07583333333333334, 0.105, 0.37604166666666666, 0.396875];[0.07583333333333334, 0.105, 0.37604166666666666, 0.396875]
52;84;84;1628506171;3;0,37498572244431755;no;0,0921875;0,10583333333333333;0,09166666865348816;0,10583333671092987;[0.1925, 0.29833333333333334, 0.009375, 0.1015625];[0.1925, 0.29833333333333334, 0.009375, 0.1015625]
53;19;19;1628506171;3;0,37498572244431755;no;0,044270833333333336;0,08583333333333332;0,06562499701976776;0,08250000327825546;[0.2575, 0.3433333333333333, 0.0, 0.044270833333333336];[0.2575, 0.3433333333333333, 0.0, 0.044270833333333336]
54;21;21;1628506171;3;0,16279069767441853;no;0,061458333333333365;0,07166666666666666;0,05677083507180214;0,07083333283662796;[0.23083333333333333, 0.3025, 0.1890625, 0.25052083333333336];[0.23083333333333333, 0.3025, 0.1890625, 0.25052083333333336]
55;79;81;1628506171;3;0,16279069767441853;no;0,08906250000000002;0,14583333333333331;0,08906249701976776;0,1458333283662796;[0.29083333333333333, 0.43666666666666665, 0.165625, 0.2546875];[0.29083333333333333, 0.43666666666666665, 0.165625, 0.2546875]
56;71;71;1628506171;3;0,35433070866141736;no;0,08333333333333326;0,10583333333333333;0,09166666865348816;0,11500000208616257;[0.39, 0.49583333333333335, 0.7276041666666667, 0.8109375];[0.39, 0.49583333333333335, 0.7276041666666667, 0.8109375]
57;64;64;1628506171;3;0,35433070866141736;no;0,21354166666666663;0,29333333333333333;0,22291666269302368;0,30666667222976685;[0.17166666666666666, 0.465, 0.7692708333333333, 0.9828125];[0.17166666666666666, 0.465, 0.7692708333333333, 0.9828125]
58;5;5;1628506171;4;0,21212121212121282;no;0,017187500000000022;0,026666666666666672;0,01770833320915699;0,02666666731238365;[0.05583333333333333, 0.0825, 0.37395833333333334, 0.39114583333333336];[0.05583333333333333, 0.0825, 0.37395833333333334, 0.39114583333333336]
59;27;27;1628506171;4;0,21212121212121282;no;0,02083333333333337;0,029166666666666674;0,01979166641831398;0,027499999850988388;[0.07666666666666666, 0.10583333333333333, 0.37447916666666664, 0.3953125];[0.07666666666666666, 0.10583333333333333, 0.37447916666666664, 0.3953125]
60;42;42;1628506171;4;0,12195121951219855;no;0,021354166666666674;0,03500000000000002;0,02291666716337204;0,03500000014901161;[0.1025, 0.1375, 0.6234375, 0.6447916666666667];[0.1025, 0.1375, 0.6234375, 0.6447916666666667]
61;30;30;1628506171;4;0,12195121951219855;no;0,042187500000000044;0,07166666666666666;0,04218750074505806;0,0716666653752327;[0.10083333333333333, 0.1725, 0.5838541666666667, 0.6260416666666667];[0.10083333333333333, 0.1725, 0.5838541666666667, 0.6260416666666667]
62;84;84;1628506171;4;0,47115384615384615;no;0,09427083333333333;0,10749999999999998;0,09427083283662796;0,10750000178813934;[0.19666666666666666, 0.30416666666666664, 0.0, 0.09427083333333333];[0.19666666666666666, 0.30416666666666664, 0.0, 0.09427083333333333]
63;19;19;1628506171;4;0,47115384615384615;no;0,0359375;0,08666666666666667;0,06562499701976776;0,08250000327825546;[0.2633333333333333, 0.35, 0.0, 0.0359375];[0.2633333333333333, 0.35, 0.0, 0.0359375]
64;71;71;1628506171;4;0,3464364035087723;no;0,07916666666666661;0,09999999999999998;0,07916666567325592;0,10000000149011612;[0.37833333333333335, 0.47833333333333333, 0.721875, 0.8010416666666667];[0.37833333333333335, 0.47833333333333333, 0.721875, 0.8010416666666667]
65;64;64;1628506171;4;0,3464364035087723;no;0,20833333333333337;0,2841666666666667;0,22291666269302368;0,30666667222976685;[0.16833333333333333, 0.4525, 0.7640625, 0.9723958333333333];[0.16833333333333333, 0.4525, 0.7640625, 0.9723958333333333]
66;21;21;1628506171;4;0,2441860465116281;no;0,06302083333333333;0,07166666666666668;0,06302083283662796;0,07249999791383743;[0.23666666666666666, 0.30833333333333335, 0.18229166666666666, 0.2453125];[0.23666666666666666, 0.30833333333333335, 0.18229166666666666, 0.2453125]
67;79;81;1628506171;4;0,2441860465116281;no;0,08906250000000002;0,14583333333333331;0,08906249701976776;0,1458333283662796;[0.29083333333333333, 0.43666666666666665, 0.165625, 0.2546875];[0.29083333333333333, 0.43666666666666665, 0.165625, 0.2546875]
68;15;-1;1628506171;4;0,571428571428571;yes;0,021874999999999978;0,035833333333333335;-1,0;-1,0;[0.04, 0.07583333333333334, 0.5552083333333333, 0.5770833333333333];-1
69;69;69;1628506171;5;0,1071428571428572;no;0,017187500000000022;0,023333333333333338;0,01614583283662796;0,021666666492819786;[0.056666666666666664, 0.08, 0.40520833333333334, 0.42239583333333336];[0.056666666666666664, 0.08, 0.40520833333333334, 0.42239583333333336]
70;6;6;1628506171;5;0,1071428571428572;no;0,0234375;0,03166666666666666;0,02395833283662796;0,030833333730697632;[0.0775, 0.10916666666666666, 0.40208333333333335, 0.42552083333333335];[0.0775, 0.10916666666666666, 0.40208333333333335, 0.42552083333333335]
71;5;5;1628506171;5;0,14358108108108084;no;0,019270833333333348;0,026666666666666672;0,01770833320915699;0,02666666731238365;[0.05583333333333333, 0.0825, 0.3723958333333333, 0.39166666666666666];[0.05583333333333333, 0.0825, 0.3723958333333333, 0.39166666666666666]
72;27;27;1628506171;5;0,14358108108108084;no;0,021354166666666674;0,02916666666666666;0,01979166641831398;0,027499999850988388;[0.07833333333333334, 0.1075, 0.37395833333333334, 0.3953125];[0.07833333333333334, 0.1075, 0.37395833333333334, 0.3953125]
73;84;84;1628506171;5;0,4851485148514851;no;0,0875;0,10916666666666666;0,09427083283662796;0,10750000178813934;[0.20083333333333334, 0.31, 0.0, 0.0875];[0.20083333333333334, 0.31, 0.0, 0.0875]
74;19;19;1628506171;5;0,4851485148514851;no;0,027083333333333334;0,08416666666666667;0,02708333358168602;0,0833333358168602;[0.26916666666666667, 0.35333333333333333, 0.0, 0.027083333333333334];[0.26916666666666667, 0.35333333333333333, 0.0, 0.027083333333333334]
75;84;84;1628506171;5;0,99;no;0,0875;0,10916666666666666;0,09427083283662796;0,10750000178813934;[0.20083333333333334, 0.31, 0.0, 0.0875];[0.20083333333333334, 0.31, 0.0, 0.0875]
76;87;87;1628506171;5;0,99;no;0,0875;0,11000000000000001;0,08802083134651184;0,10999999940395355;[0.20083333333333334, 0.31083333333333335, 0.0, 0.0875];[0.20083333333333334, 0.31083333333333335, 0.0, 0.0875]
77;15;-1;1628506171;5;0,5393103448275884;yes;0,021874999999999978;0,035833333333333335;-1,0;-1,0;[0.04, 0.07583333333333334, 0.5552083333333333, 0.5770833333333333];-1
78;19;19;1628506171;5;0,49504950495049527;no;0,027083333333333334;0,08416666666666667;0,02708333358168602;0,0833333358168602;[0.26916666666666667, 0.35333333333333333, 0.0, 0.027083333333333334];[0.26916666666666667, 0.35333333333333333, 0.0, 0.027083333333333334]
79;87;87;1628506171;5;0,49504950495049527;no;0,0875;0,11000000000000001;0,08802083134651184;0,10999999940395355;[0.20083333333333334, 0.31083333333333335, 0.0, 0.0875];[0.20083333333333334, 0.31083333333333335, 0.0, 0.0875]
80;42;42;1628506171;5;0,12195121951219336;no;0,021354166666666674;0,034166666666666665;0,02291666716337204;0,03500000014901161;[0.10166666666666667, 0.13583333333333333, 0.6229166666666667, 0.6442708333333333];[0.10166666666666667, 0.13583333333333333, 0.6229166666666667, 0.6442708333333333]
81;30;30;1628506171;5;0,12195121951219336;no;0,04322916666666665;0,07333333333333333;0,04322916641831398;0,07333333045244217;[0.09833333333333333, 0.17166666666666666, 0.5822916666666667, 0.6255208333333333];[0.09833333333333333, 0.17166666666666666, 0.5822916666666667, 0.6255208333333333]
82;21;21;1628506171;5;0,11494252873563175;no;0,0640625;0,07250000000000001;0,06406249850988388;0,07249999791383743;[0.25166666666666665, 0.32416666666666666, 0.16979166666666667, 0.23385416666666667];[0.25166666666666665, 0.32416666666666666, 0.16979166666666667, 0.23385416666666667]
83;79;85;1628506171;5;0,11494252873563175;no;0,08906250000000002;0,14583333333333331;0,0989583358168602;0,1616666615009308;[0.31583333333333335, 0.46166666666666667, 0.15, 0.2390625];[0.31583333333333335, 0.46166666666666667, 0.15, 0.2390625]
84;71;71;1628506171;5;0,30297524415171434;no;0,07708333333333328;0,09916666666666668;0,07708333432674408;0,09916666895151138;[0.365, 0.46416666666666667, 0.7161458333333334, 0.7932291666666667];[0.365, 0.46416666666666667, 0.7161458333333334, 0.7932291666666667]
85;64;64;1628506171;5;0,30297524415171434;no;0,19791666666666663;0,27749999999999997;0,22291666269302368;0,30666667222976685;[0.16416666666666666, 0.44166666666666665, 0.7630208333333334, 0.9609375];[0.16416666666666666, 0.44166666666666665, 0.7630208333333334, 0.9609375]
86;15;15;1628506172;6;0,33103448275862135;no;0,021874999999999978;0,03333333333333334;0,02187499962747097;0,0416666679084301;[0.03833333333333333, 0.07166666666666667, 0.5567708333333333, 0.5786458333333333];[0.03833333333333333, 0.07166666666666667, 0.5567708333333333, 0.5786458333333333]
87;59;59;1628506172;6;0,33103448275862135;no;0,015104166666666585;0,020833333333333336;0,015104166232049465;0,02083333395421505;[0.06166666666666667, 0.0825, 0.5520833333333334, 0.5671875];[0.06166666666666667, 0.0825, 0.5520833333333334, 0.5671875]
88;5;5;1628506172;6;0,17171717171717144;no;0,01874999999999999;0,027499999999999997;0,01770833320915699;0,02666666731238365;[0.05583333333333333, 0.08333333333333333, 0.37135416666666665, 0.39010416666666664];[0.05583333333333333, 0.08333333333333333, 0.37135416666666665, 0.39010416666666664]
89;27;27;1628506172;6;0,17171717171717144;no;0,02083333333333337;0,03;0,01979166641831398;0,027499999850988388;[0.07833333333333334, 0.10833333333333334, 0.3723958333333333, 0.3932291666666667];[0.07833333333333334, 0.10833333333333334, 0.3723958333333333, 0.3932291666666667]
90;89;89;1628506172;6;0,5319148936170216;no;0,0796875;0,10916666666666669;0,09427083283662796;0,10750000178813934;[0.20666666666666667, 0.31583333333333335, 0.0, 0.0796875];[0.20666666666666667, 0.31583333333333335, 0.0, 0.0796875]
91;19;19;1628506172;6;0,5319148936170216;no;0,0171875;0,07833333333333331;0,02708333358168602;0,0833333358168602;[0.27416666666666667, 0.3525, 0.0, 0.0171875];[0.27416666666666667, 0.3525, 0.0, 0.0171875]
92;89;89;1628506172;6;0,99;no;0,0796875;0,10916666666666669;0,09427083283662796;0,10750000178813934;[0.20666666666666667, 0.31583333333333335, 0.0, 0.0796875];[0.20666666666666667, 0.31583333333333335, 0.0, 0.0796875]
93;87;87;1628506172;6;0,99;no;0,0796875;0,11000000000000001;0,08802083134651184;0,10999999940395355;[0.20583333333333334, 0.31583333333333335, 0.0, 0.0796875];[0.20583333333333334, 0.31583333333333335, 0.0, 0.0796875]
94;69;69;1628506172;6;0,1034482758620685;no;0,017187500000000022;0,024166666666666663;0,01614583283662796;0,021666666492819786;[0.056666666666666664, 0.08083333333333333, 0.40520833333333334, 0.42239583333333336];[0.056666666666666664, 0.08083333333333333, 0.40520833333333334, 0.42239583333333336]
95;6;6;1628506172;6;0,1034482758620685;no;0,02395833333333336;0,03166666666666666;0,02395833283662796;0,03166666626930237;[0.07833333333333334, 0.11, 0.4005208333333333, 0.4244791666666667];[0.07833333333333334, 0.11, 0.4005208333333333, 0.4244791666666667]
96;19;19;1628506172;6;0,5319148936170216;no;0,0171875;0,07833333333333331;0,02708333358168602;0,0833333358168602;[0.27416666666666667, 0.3525, 0.0, 0.0171875];[0.27416666666666667, 0.3525, 0.0, 0.0171875]
97;87;87;1628506172;6;0,5319148936170216;no;0,0796875;0,11000000000000001;0,08802083134651184;0,10999999940395355;[0.20583333333333334, 0.31583333333333335, 0.0, 0.0796875];[0.20583333333333334, 0.31583333333333335, 0.0, 0.0796875]
98;71;71;1628506172;6;0,28904428904428897;no;0,07447916666666676;0,09749999999999998;0,07708333432674408;0,09916666895151138;[0.35333333333333333, 0.4508333333333333, 0.7098958333333333, 0.784375];[0.35333333333333333, 0.4508333333333333, 0.7098958333333333, 0.784375]
99;64;64;1628506172;6;0,28904428904428897;no;0,19374999999999998;0,27;0,22291666269302368;0,30666667222976685;[0.16083333333333333, 0.43083333333333335, 0.7572916666666667, 0.9510416666666667];[0.16083333333333333, 0.43083333333333335, 0.7572916666666667, 0.9510416666666667]
100;69;69;1628506172;7;0,10000000000000009;no;0,017708333333333326;0,025;0,01614583283662796;0,021666666492819786;[0.0575, 0.0825, 0.4036458333333333, 0.42135416666666664];[0.0575, 0.0825, 0.4036458333333333, 0.42135416666666664]
101;6;6;1628506172;7;0,10000000000000009;no;0,023958333333333304;0,030833333333333338;0,02395833283662796;0,030833333730697632;[0.08, 0.11083333333333334, 0.4, 0.4239583333333333];[0.08, 0.11083333333333334, 0.4, 0.4239583333333333]
102;59;-1;1628506172;7;0,31448275862069114;yes;0,015104166666666585;0,020833333333333336;-1,0;-1,0;[0.06166666666666667, 0.0825, 0.5520833333333334, 0.5671875];-1
103;5;5;1628506172;7;0,14332514332514332;no;0,019270833333333293;0,027499999999999997;0,01770833320915699;0,02666666731238365;[0.05583333333333333, 0.08333333333333333, 0.37083333333333335, 0.39010416666666664];[0.05583333333333333, 0.08333333333333333, 0.37083333333333335, 0.39010416666666664]
104;27;27;1628506172;7;0,14332514332514332;no;0,021354166666666674;0,03;0,01979166641831398;0,027499999850988388;[0.07916666666666666, 0.10916666666666666, 0.371875, 0.3932291666666667];[0.07916666666666666, 0.10916666666666666, 0.371875, 0.3932291666666667]
105;89;89;1628506172;7;0,9928057553956834;no;0,07239583333333334;0,11499999999999996;0,08802083134651184;0,10999999940395355;[0.21083333333333334, 0.3258333333333333, 0.0, 0.07239583333333334];[0.21083333333333334, 0.3258333333333333, 0.0, 0.07239583333333334]
106;19;19;1628506172;7;0,9928057553956834;no;0,071875;0,11583333333333332;0,09427083283662796;0,10750000178813934;[0.21083333333333334, 0.32666666666666666, 0.0, 0.071875];[0.21083333333333334, 0.32666666666666666, 0.0, 0.071875]
107;65;65;1628506172;7;0,13636363636363494;no;0,011458333333333293;0,012499999999999997;0,00989583320915699;0,012500000186264515;[0.035, 0.0475, 0.43333333333333335, 0.44479166666666664];[0.035, 0.0475, 0.43333333333333335, 0.44479166666666664]
108;39;39;1628506172;7;0,13636363636363494;no;0,013541666666666674;0,020833333333333336;0,01354166679084301;0,02083333395421505;[0.04, 0.060833333333333336, 0.4421875, 0.4557291666666667];[0.04, 0.060833333333333336, 0.4421875, 0.4557291666666667]
109;42;42;1628506172;7;0,10526315789473654;no;0,019791666666666652;0,03583333333333333;0,02291666716337204;0,03500000014901161;[0.0975, 0.13333333333333333, 0.6203125, 0.6401041666666667];[0.0975, 0.13333333333333333, 0.6203125, 0.6401041666666667]
110;30;30;1628506172;7;0,10526315789473654;no;0,04166666666666674;0,07;0,04322916641831398;0,07333333045244217;[0.095, 0.165, 0.5807291666666666, 0.6223958333333334];[0.095, 0.165, 0.5807291666666666, 0.6223958333333334]
111;71;71;1628506172;7;0,30668414154652707;no;0,07291666666666663;0,09083333333333332;0,07708333432674408;0,09916666895151138;[0.3541666666666667, 0.445, 0.7104166666666667, 0.7833333333333333];[0.3541666666666667, 0.445, 0.7104166666666667, 0.7833333333333333]
112;64;64;1628506172;7;0,30668414154652707;no;0,18958333333333333;0,2625;0,22291666269302368;0,30666667222976685;[0.15666666666666668, 0.4191666666666667, 0.7520833333333333, 0.9416666666666667];[0.15666666666666668, 0.4191666666666667, 0.7520833333333333, 0.9416666666666667]
113;70;70;1628506172;8;0,9913043478260869;no;0,11979166666666669;0,19;0,1197916641831398;0,1899999976158142;[0.3625, 0.5525, 0.0875, 0.20729166666666668];[0.3625, 0.5525, 0.0875, 0.20729166666666668]
114;93;93;1628506172;8;0,9913043478260869;no;0,11927083333333334;0,19083333333333335;0,1041666641831398;0,16583333909511566;[0.3625, 0.5533333333333333, 0.08854166666666667, 0.2078125];[0.3625, 0.5533333333333333, 0.08854166666666667, 0.2078125]
115;19;19;1628506172;8;0,99;no;0,0640625;0,11666666666666667;0,09427083283662796;0,10750000178813934;[0.215, 0.33166666666666667, 0.0, 0.0640625];[0.215, 0.33166666666666667, 0.0, 0.0640625]
116;19;67;1628506172;8;0,99;no;0,0640625;0,11666666666666667;0,08802083134651184;0,10999999940395355;[0.215, 0.33166666666666667, 0.0, 0.0640625];[0.215, 0.33166666666666667, 0.0, 0.0640625]
117;5;5;1628506172;8;0,11802232854864442;no;0,019791666666666652;0,027500000000000004;0,01770833320915699;0,02666666731238365;[0.056666666666666664, 0.08416666666666667, 0.3692708333333333, 0.3890625];[0.056666666666666664, 0.08416666666666667, 0.3692708333333333, 0.3890625]
118;27;27;1628506172;8;0,11802232854864442;no;0,021874999999999978;0,030000000000000013;0,02187499962747097;0,029999999329447746;[0.08083333333333333, 0.11083333333333334, 0.3697916666666667, 0.39166666666666666];[0.08083333333333333, 0.11083333333333334, 0.3697916666666667, 0.39166666666666666]
119;71;71;1628506172;8;0,28999653859466856;no;0,0703125;0,08916666666666667;0,0703125;0,08916666358709335;[0.3516666666666667, 0.44083333333333335, 0.7098958333333333, 0.7802083333333333];[0.3516666666666667, 0.44083333333333335, 0.7098958333333333, 0.7802083333333333]
120;64;64;1628506172;8;0,28999653859466856;no;0,18125000000000002;0,2575;0,22291666269302368;0,30666667222976685;[0.15333333333333332, 0.41083333333333333, 0.7494791666666667, 0.9307291666666667];[0.15333333333333332, 0.41083333333333333, 0.7494791666666667, 0.9307291666666667]
121;23;23;1628506172;9;0,99;no;0,1234375;0,1908333333333333;0,12291666865348816;0,19083333015441895;[0.37083333333333335, 0.5616666666666666, 0.07864583333333333, 0.20208333333333334];[0.37083333333333335, 0.5616666666666666, 0.07864583333333333, 0.20208333333333334]
122;70;70;1628506172;9;0,99;no;0,1234375;0,1891666666666667;0,12291666865348816;0,18916666507720947;[0.37083333333333335, 0.56, 0.07864583333333333, 0.20208333333333334];[0.37083333333333335, 0.56, 0.07864583333333333, 0.20208333333333334]
123;65;65;1628506172;9;0,12698412698412667;no;0,010937499999999989;0,012499999999999997;0,010937499813735485;0,011666666716337204;[0.035833333333333335, 0.04833333333333333, 0.43333333333333335, 0.44427083333333334];[0.035833333333333335, 0.04833333333333333, 0.43333333333333335, 0.44427083333333334]
124;39;39;1628506172;9;0,12698412698412667;no;0,013541666666666674;0,0225;0,01406249962747097;0,019999999552965164;[0.04, 0.0625, 0.4421875, 0.4557291666666667];[0.04, 0.0625, 0.4421875, 0.4557291666666667]
125;5;5;1628506172;9;0,14285714285714282;no;0,019791666666666652;0,029166666666666667;0,01770833320915699;0,02666666731238365;[0.056666666666666664, 0.08583333333333333, 0.3692708333333333, 0.3890625];[0.056666666666666664, 0.08583333333333333, 0.3692708333333333, 0.3890625]
126;27;27;1628506172;9;0,14285714285714282;no;0,022395833333333337;0,03;0,02239583246409893;0,029999999329447746;[0.08166666666666667, 0.11166666666666666, 0.36875, 0.39114583333333336];[0.08166666666666667, 0.11166666666666666, 0.36875, 0.39114583333333336]
127;71;71;1628506172;9;0,25932400932400845;no;0,06874999999999998;0,08666666666666667;0,06875000149011612;0,08749999850988388;[0.33166666666666667, 0.41833333333333333, 0.6973958333333333, 0.7661458333333333];[0.33166666666666667, 0.41833333333333333, 0.6973958333333333, 0.7661458333333333]
128;64;64;1628506172;9;0,25932400932400845;no;0,1807291666666666;0,2533333333333333;0,22291666269302368;0,30666667222976685;[0.1525, 0.4058333333333333, 0.7453125, 0.9260416666666667];[0.1525, 0.4058333333333333, 0.7453125, 0.9260416666666667]
129;15;15;1628506172;10;0,5815384615384579;no;0,017187500000000022;0,03666666666666667;0,02187499962747097;0,0416666679084301;[0.03833333333333333, 0.075, 0.5541666666666667, 0.5713541666666667];[0.03833333333333333, 0.075, 0.5541666666666667, 0.5713541666666667]
130;59;59;1628506172;10;0,5815384615384579;no;0,013541666666666674;0,02083333333333333;0,01406249962747097;0,02083333395421505;[0.06, 0.08083333333333333, 0.5515625, 0.5651041666666666];[0.06, 0.08083333333333333, 0.5515625, 0.5651041666666666]
131;71;71;1628506172;10;0,21107240791521456;no;0,06822916666666667;0,08583333333333332;0,0677083358168602;0,08583333343267441;[0.3225, 0.4083333333333333, 0.6921875, 0.7604166666666666];[0.3225, 0.4083333333333333, 0.6921875, 0.7604166666666666]
132;64;64;1628506172;10;0,21107240791521456;no;0,17343750000000002;0,245;0,22291666269302368;0,30666667222976685;[0.15166666666666667, 0.39666666666666667, 0.74375, 0.9171875];[0.15166666666666667, 0.39666666666666667, 0.74375, 0.9171875]
133;15;15;1628506172;11;0,34461538461538344;no;0,014062499999999978;0,03416666666666667;0,02187499962747097;0,0416666679084301;[0.0375, 0.07166666666666667, 0.5567708333333333, 0.5708333333333333];[0.0375, 0.07166666666666667, 0.5567708333333333, 0.5708333333333333]
134;59;59;1628506172;11;0,34461538461538344;no;0,013541666666666674;0,02083333333333333;0,01406249962747097;0,02083333395421505;[0.06, 0.08083333333333333, 0.5515625, 0.5651041666666666];[0.06, 0.08083333333333333, 0.5515625, 0.5651041666666666]
135;95;96;1628506172;11;0,8914716017110269;no;0,13697916666666668;0,21333333333333332;0,12291666865348816;0,18916666507720947;[0.4025, 0.6158333333333333, 0.04010416666666667, 0.17708333333333334];[0.4025, 0.6158333333333333, 0.04010416666666667, 0.17708333333333334]
136;96;95;1628506172;11;0,8914716017110269;no;0,13697916666666665;0,21333333333333326;0,12291666865348816;0,19083333015441895;[0.395, 0.6083333333333333, 0.050520833333333334, 0.1875];[0.395, 0.6083333333333333, 0.050520833333333334, 0.1875]
137;71;71;1628506172;11;0,2414117647058832;no;0,06510416666666674;0,08499999999999996;0,0651041641831398;0,08500000089406967;[0.32083333333333336, 0.4058333333333333, 0.69375, 0.7588541666666667];[0.32083333333333336, 0.4058333333333333, 0.69375, 0.7588541666666667]
138;64;64;1628506172;11;0,2414117647058832;no;0,16875000000000007;0,24083333333333332;0,22291666269302368;0,30666667222976685;[0.1475, 0.3883333333333333, 0.7390625, 0.9078125];[0.1475, 0.3883333333333333, 0.7390625, 0.9078125]
139;67;98;1628506172;12;0,99;no;0,03229166666666667;0,12000000000000002;0,03281249850988388;0,12083332985639572;[0.23166666666666666, 0.3516666666666667, 0.0, 0.03229166666666667];[0.23166666666666666, 0.3516666666666667, 0.0, 0.03229166666666667]
140;98;67;1628506172;12;0,99;no;0,03229166666666667;0,12083333333333332;0,03281249850988388;0,11999999731779099;[0.23166666666666666, 0.3525, 0.0, 0.03229166666666667];[0.23166666666666666, 0.3525, 0.0, 0.03229166666666667]
141;15;15;1628506172;12;0,14814814814814786;no;0,018750000000000044;0,03916666666666667;0,02187499962747097;0,0416666679084301;[0.03833333333333333, 0.0775, 0.5515625, 0.5703125];[0.03833333333333333, 0.0775, 0.5515625, 0.5703125]
142;24;24;1628506172;12;0,14814814814814786;no;0,014062499999999978;0,01750000000000001;0,01406249962747097;0,018333332613110542;[0.04583333333333333, 0.06333333333333334, 0.5395833333333333, 0.5536458333333333];[0.04583333333333333, 0.06333333333333334, 0.5395833333333333, 0.5536458333333333]
143;42;42;1628506172;12;0,10256410256410244;no;0,020312499999999956;0,03333333333333334;0,02031249925494194;0,03333333507180214;[0.09333333333333334, 0.12666666666666668, 0.6145833333333334, 0.6348958333333333];[0.09333333333333334, 0.12666666666666668, 0.6145833333333334, 0.6348958333333333]
144;30;30;1628506172;12;0,10256410256410244;no;0,038541666666666696;0,065;0,04322916641831398;0,07333333045244217;[0.0925, 0.1575, 0.578125, 0.6166666666666667];[0.0925, 0.1575, 0.578125, 0.6166666666666667]
145;64;-1;1628506172;12;0,20324523251923837;yes;0,16614583333333344;0,23666666666666666;-1,0;-1,0;[0.14333333333333334, 0.38, 0.7333333333333333, 0.8994791666666667];-1
146;501;501;1628506181;13;0,99;no;0,017187500000000022;0,1166666666666667;0,01718750037252903;0,11666666716337204;[0.5133333333333333, 0.63, 0.9828125, 1.0];[0.5133333333333333, 0.63, 0.9828125, 1.0]
147;499;499;1628506181;13;0,99;no;0,017187500000000022;0,11250000000000004;0,01718750037252903;0,11249999701976776;[0.5175, 0.63, 0.9828125, 1.0];[0.5175, 0.63, 0.9828125, 1.0]
148;503;503;1628506181;13;0,99;no;0,022395833333333337;0,050833333333333335;0,02239583246409893;0,05166666582226753;[0.0016666666666666668, 0.0525, 0.49114583333333334, 0.5135416666666667];[0.0016666666666666668, 0.0525, 0.49114583333333334, 0.5135416666666667]
149;503;503;1628506181;13;0,99;no;0,022395833333333337;0,050833333333333335;0,02239583246409893;0,05166666582226753;[0.0016666666666666668, 0.0525, 0.49114583333333334, 0.5135416666666667];[0.0016666666666666668, 0.0525, 0.49114583333333334, 0.5135416666666667]
150;195;195;1628506181;13;0,13793103448275865;no;0,018750000000000044;0,02416666666666667;0,01875000074505806;0,024166665971279144;[0.043333333333333335, 0.0675, 0.7411458333333333, 0.7598958333333333];[0.043333333333333335, 0.0675, 0.7411458333333333, 0.7598958333333333]
151;502;502;1628506181;13;0,13793103448275865;no;0,025000000000000022;0,05;0,02500000037252903;0,050833333283662796;[0.0, 0.05, 0.7505208333333333, 0.7755208333333333];[0.0, 0.05, 0.7505208333333333, 0.7755208333333333]
152;502;502;1628506181;13;0,13793103448275865;no;0,025000000000000022;0,05;0,02500000037252903;0,050833333283662796;[0.0, 0.05, 0.7505208333333333, 0.7755208333333333];[0.0, 0.05, 0.7505208333333333, 0.7755208333333333]
153;195;195;1628506181;13;0,13793103448275865;no;0,018750000000000044;0,02416666666666667;0,01875000074505806;0,024166665971279144;[0.043333333333333335, 0.0675, 0.7411458333333333, 0.7598958333333333];[0.043333333333333335, 0.0675, 0.7411458333333333, 0.7598958333333333]
154;502;502;1628506181;13;0,13793103448275865;no;0,025000000000000022;0,05;0,02500000037252903;0,050833333283662796;[0.0, 0.05, 0.7505208333333333, 0.7755208333333333];[0.0, 0.05, 0.7505208333333333, 0.7755208333333333]
155;502;502;1628506181;13;0,13793103448275865;no;0,025000000000000022;0,05;0,02500000037252903;0,050833333283662796;[0.0, 0.05, 0.7505208333333333, 0.7755208333333333];[0.0, 0.05, 0.7505208333333333, 0.7755208333333333]
156;502;502;1628506181;13;0,99;no;0,025000000000000022;0,05;0,02500000037252903;0,050833333283662796;[0.0, 0.05, 0.7505208333333333, 0.7755208333333333];[0.0, 0.05, 0.7505208333333333, 0.7755208333333333]
157;502;502;1628506181;13;0,99;no;0,025000000000000022;0,05;0,02500000037252903;0,050833333283662796;[0.0, 0.05, 0.7505208333333333, 0.7755208333333333];[0.0, 0.05, 0.7505208333333333, 0.7755208333333333]
158;155;155;1628506181;13;0,20905923344947816;no;0,028125000000000067;0,03583333333333333;0,02812499925494194;0,036666665226221085;[0.0825, 0.11833333333333333, 0.6723958333333333, 0.7005208333333334];[0.0825, 0.11833333333333333, 0.6723958333333333, 0.7005208333333334]
159;211;211;1628506181;13;0,20905923344947816;no;0,025520833333333326;0,03416666666666668;0,02552083320915699;0,034166667610406876;[0.10583333333333333, 0.14, 0.6859375, 0.7114583333333333];[0.10583333333333333, 0.14, 0.6859375, 0.7114583333333333]
160;442;442;1628506181;13;0,7966507177033503;no;0,029687499999999978;0,03666666666666665;0,02968749962747097;0,036666665226221085;[0.11916666666666667, 0.15583333333333332, 0.3463541666666667, 0.37604166666666666];[0.11916666666666667, 0.15583333333333332, 0.3463541666666667, 0.37604166666666666]
161;148;148;1628506181;13;0,7966507177033503;no;0,03802083333333334;0,06749999999999999;0,03802083432674408;0,06666667014360428;[0.0825, 0.15, 0.34791666666666665, 0.3859375];[0.0825, 0.15, 0.34791666666666665, 0.3859375]
162;315;315;1628506181;13;0,272410091250671;no;0,03593750000000007;0,04500000000000001;0,03593749925494194;0,04500000178813934;[0.155, 0.2, 0.8385416666666666, 0.8744791666666667];[0.155, 0.2, 0.8385416666666666, 0.8744791666666667]
163;345;345;1628506181;13;0,272410091250671;no;0,04270833333333335;0,06916666666666667;0,04270833358168602;0,06916666775941849;[0.115, 0.18416666666666667, 0.8109375, 0.8536458333333333];[0.115, 0.18416666666666667, 0.8109375, 0.8536458333333333]
164;345;345;1628506181;13;0,17278871583896535;no;0,04270833333333335;0,06916666666666667;0,04270833358168602;0,06916666775941849;[0.115, 0.18416666666666667, 0.8109375, 0.8536458333333333];[0.115, 0.18416666666666667, 0.8109375, 0.8536458333333333]
165;261;261;1628506181;13;0,17278871583896535;no;0,046875;0,09666666666666668;0,046875;0,09666666388511658;[0.041666666666666664, 0.13833333333333334, 0.8317708333333333, 0.8786458333333333];[0.041666666666666664, 0.13833333333333334, 0.8317708333333333, 0.8786458333333333]
166;272;272;1628506181;13;0,2716707021791767;no;0,03645833333333337;0,049166666666666664;0,0364583320915699;0,04916666820645332;[0.15416666666666667, 0.20333333333333334, 0.6390625, 0.6755208333333333];[0.15416666666666667, 0.20333333333333334, 0.6390625, 0.6755208333333333]
167;318;318;1628506181;13;0,2716707021791767;no;0,04322916666666665;0,053333333333333316;0,04322916641831398;0,0533333346247673;[0.18916666666666668, 0.2425, 0.6302083333333334, 0.6734375];[0.18916666666666668, 0.2425, 0.6302083333333334, 0.6734375]
168;318;318;1628506181;13;0,3437500000000002;no;0,04322916666666665;0,053333333333333316;0,04322916641831398;0,0533333346247673;[0.18916666666666668, 0.2425, 0.6302083333333334, 0.6734375];[0.18916666666666668, 0.2425, 0.6302083333333334, 0.6734375]
169;369;369;1628506181;13;0,3437500000000002;no;0,04947916666666674;0,06333333333333332;0,0494791679084301;0,06333333253860474;[0.22416666666666665, 0.2875, 0.6239583333333333, 0.6734375];[0.22416666666666665, 0.2875, 0.6239583333333333, 0.6734375]
170;488;488;1628506181;13;0,3365928616330237;no;0,109375;0,2058333333333333;0,109375;0,2058333307504654;[0.355, 0.5608333333333333, 0.6692708333333334, 0.7786458333333334];[0.355, 0.5608333333333333, 0.6692708333333334, 0.7786458333333334]
171;418;418;1628506181;13;0,3365928616330237;no;0,07239583333333333;0,08583333333333332;0,07239583134651184;0,08583333343267441;[0.32, 0.4058333333333333, 0.6380208333333334, 0.7104166666666667];[0.32, 0.4058333333333333, 0.6380208333333334, 0.7104166666666667]
172;261;261;1628506181;13;0,1278735632183908;no;0,046875;0,09666666666666668;0,046875;0,09666666388511658;[0.041666666666666664, 0.13833333333333334, 0.8317708333333333, 0.8786458333333333];[0.041666666666666664, 0.13833333333333334, 0.8317708333333333, 0.8786458333333333]
173;332;332;1628506181;13;0,1278735632183908;no;0,0625;0,12250000000000001;0,0625;0,12166666984558105;[0.06416666666666666, 0.18666666666666668, 0.8708333333333333, 0.9333333333333333];[0.06416666666666666, 0.18666666666666668, 0.8708333333333333, 0.9333333333333333]
174;487;487;1628506181;13;0,17838345864661648;no;0,09062500000000001;0,15083333333333332;0,0703125;0,07916666567325592;[0.1975, 0.34833333333333333, 0.13333333333333333, 0.22395833333333334];[0.1975, 0.34833333333333333, 0.13333333333333333, 0.22395833333333334]
175;129;129;1628506181;13;0,17838345864661648;no;0,07291666666666666;0,09499999999999997;0,0729166641831398;0,0949999988079071;[0.31583333333333335, 0.41083333333333333, 0.1859375, 0.25885416666666666];[0.31583333333333335, 0.41083333333333333, 0.1859375, 0.25885416666666666]
